image,label
data/Pokemon/Spritzee/1.jpg,Spritzee
data/Pokemon/Spritzee/0.jpg,Spritzee
data/Pokemon/Flapple/1.jpg,Flapple
data/Pokemon/Flapple/0.jpg,Flapple
data/Pokemon/Maractus/1.jpg,Maractus
data/Pokemon/Maractus/0.jpg,Maractus
data/Pokemon/Cofagrigus/1.jpg,Cofagrigus
data/Pokemon/Cofagrigus/0.jpg,Cofagrigus
data/Pokemon/Dracovish/0.jpg,Dracovish
data/Pokemon/Pichu/1.jpg,Pichu
data/Pokemon/Pichu/2.jpg,Pichu
data/Pokemon/Pichu/0.jpg,Pichu
data/Pokemon/Groudon/1.jpg,Groudon
data/Pokemon/Groudon/2.jpg,Groudon
data/Pokemon/Groudon/0.jpg,Groudon
data/Pokemon/Groudon/3.jpg,Groudon
data/Pokemon/Groudon/4.jpg,Groudon
data/Pokemon/Barbaracle/1.jpg,Barbaracle
data/Pokemon/Barbaracle/0.jpg,Barbaracle
data/Pokemon/Goodra/1.jpg,Goodra
data/Pokemon/Goodra/0.jpg,Goodra
data/Pokemon/Beartic/1.jpg,Beartic
data/Pokemon/Beartic/0.jpg,Beartic
data/Pokemon/Dewgong/1.jpg,Dewgong
data/Pokemon/Dewgong/2.jpg,Dewgong
data/Pokemon/Dewgong/0.jpg,Dewgong
data/Pokemon/Dewgong/3.jpg,Dewgong
data/Pokemon/Medicham/1.jpg,Medicham
data/Pokemon/Medicham/2.jpg,Medicham
data/Pokemon/Medicham/0.jpg,Medicham
data/Pokemon/Medicham/3.jpg,Medicham
data/Pokemon/Simisear/1.jpg,Simisear
data/Pokemon/Simisear/0.jpg,Simisear
data/Pokemon/Munchlax/1.jpg,Munchlax
data/Pokemon/Munchlax/0.jpg,Munchlax
data/Pokemon/Crawdaunt/1.jpg,Crawdaunt
data/Pokemon/Crawdaunt/0.jpg,Crawdaunt
data/Pokemon/Meowstic/1.jpg,Meowstic
data/Pokemon/Meowstic/2.jpg,Meowstic
data/Pokemon/Meowstic/0.jpg,Meowstic
data/Pokemon/Meowstic/3.jpg,Meowstic
data/Pokemon/Plusle/1.jpg,Plusle
data/Pokemon/Plusle/0.jpg,Plusle
data/Pokemon/Mareanie/1.jpg,Mareanie
data/Pokemon/Mareanie/0.jpg,Mareanie
data/Pokemon/Blaziken/1.jpg,Blaziken
data/Pokemon/Blaziken/2.jpg,Blaziken
data/Pokemon/Blaziken/0.jpg,Blaziken
data/Pokemon/Blaziken/3.jpg,Blaziken
data/Pokemon/Shiftry/1.jpg,Shiftry
data/Pokemon/Shiftry/0.jpg,Shiftry
data/Pokemon/Ralts/1.jpg,Ralts
data/Pokemon/Ralts/0.jpg,Ralts
data/Pokemon/Golbat/1.jpg,Golbat
data/Pokemon/Golbat/2.jpg,Golbat
data/Pokemon/Golbat/0.jpg,Golbat
data/Pokemon/Golbat/3.jpg,Golbat
data/Pokemon/Spoink/1.jpg,Spoink
data/Pokemon/Spoink/0.jpg,Spoink
data/Pokemon/Turtonator/1.jpg,Turtonator
data/Pokemon/Turtonator/0.jpg,Turtonator
data/Pokemon/Spiritomb/1.jpg,Spiritomb
data/Pokemon/Spiritomb/0.jpg,Spiritomb
data/Pokemon/Dodrio/1.jpg,Dodrio
data/Pokemon/Dodrio/2.jpg,Dodrio
data/Pokemon/Dodrio/0.jpg,Dodrio
data/Pokemon/Dodrio/3.jpg,Dodrio
data/Pokemon/Pumpkaboo/1.jpg,Pumpkaboo
data/Pokemon/Pumpkaboo/2.jpg,Pumpkaboo
data/Pokemon/Pumpkaboo/0.jpg,Pumpkaboo
data/Pokemon/Pumpkaboo/3.jpg,Pumpkaboo
data/Pokemon/Pumpkaboo/4.jpg,Pumpkaboo
data/Pokemon/Totodile/1.jpg,Totodile
data/Pokemon/Totodile/2.jpg,Totodile
data/Pokemon/Totodile/0.jpg,Totodile
data/Pokemon/Dracozolt/0.jpg,Dracozolt
data/Pokemon/Froslass/1.jpg,Froslass
data/Pokemon/Froslass/0.jpg,Froslass
data/Pokemon/Rockruff/1.jpg,Rockruff
data/Pokemon/Rockruff/2.jpg,Rockruff
data/Pokemon/Rockruff/0.jpg,Rockruff
data/Pokemon/Rockruff/3.jpg,Rockruff
data/Pokemon/Inteleon/1.jpg,Inteleon
data/Pokemon/Inteleon/2.jpg,Inteleon
data/Pokemon/Inteleon/0.jpg,Inteleon
data/Pokemon/Azelf/1.jpg,Azelf
data/Pokemon/Azelf/0.jpg,Azelf
data/Pokemon/Stonjourner/0.jpg,Stonjourner
data/Pokemon/Terrakion/1.jpg,Terrakion
data/Pokemon/Terrakion/0.jpg,Terrakion
data/Pokemon/Cubchoo/1.jpg,Cubchoo
data/Pokemon/Cubchoo/0.jpg,Cubchoo
data/Pokemon/Murkrow/1.jpg,Murkrow
data/Pokemon/Murkrow/2.jpg,Murkrow
data/Pokemon/Murkrow/0.jpg,Murkrow
data/Pokemon/Rookidee/0.jpg,Rookidee
data/Pokemon/Electabuzz/1.jpg,Electabuzz
data/Pokemon/Electabuzz/2.jpg,Electabuzz
data/Pokemon/Electabuzz/0.jpg,Electabuzz
data/Pokemon/Electabuzz/3.jpg,Electabuzz
data/Pokemon/Quilladin/1.jpg,Quilladin
data/Pokemon/Quilladin/0.jpg,Quilladin
data/Pokemon/Sudowoodo/1.jpg,Sudowoodo
data/Pokemon/Sudowoodo/2.jpg,Sudowoodo
data/Pokemon/Sudowoodo/0.jpg,Sudowoodo
data/Pokemon/Malamar/1.jpg,Malamar
data/Pokemon/Malamar/0.jpg,Malamar
data/Pokemon/Komala/1.jpg,Komala
data/Pokemon/Komala/2.jpg,Komala
data/Pokemon/Komala/0.jpg,Komala
data/Pokemon/Corphish/1.jpg,Corphish
data/Pokemon/Corphish/0.jpg,Corphish
data/Pokemon/Inkay/1.jpg,Inkay
data/Pokemon/Inkay/0.jpg,Inkay
data/Pokemon/Salazzle/1.jpg,Salazzle
data/Pokemon/Salazzle/0.jpg,Salazzle
data/Pokemon/Chewtle/0.jpg,Chewtle
data/Pokemon/Virizion/1.jpg,Virizion
data/Pokemon/Virizion/0.jpg,Virizion
data/Pokemon/Riolu/1.jpg,Riolu
data/Pokemon/Riolu/0.jpg,Riolu
data/Pokemon/Typhlosion/1.jpg,Typhlosion
data/Pokemon/Typhlosion/2.jpg,Typhlosion
data/Pokemon/Typhlosion/0.jpg,Typhlosion
data/Pokemon/Cottonee/1.jpg,Cottonee
data/Pokemon/Cottonee/0.jpg,Cottonee
data/Pokemon/Budew/1.jpg,Budew
data/Pokemon/Budew/0.jpg,Budew
data/Pokemon/Doduo/1.jpg,Doduo
data/Pokemon/Doduo/2.jpg,Doduo
data/Pokemon/Doduo/0.jpg,Doduo
data/Pokemon/Doduo/3.jpg,Doduo
data/Pokemon/Loudred/1.jpg,Loudred
data/Pokemon/Loudred/0.jpg,Loudred
data/Pokemon/Ursaring/1.jpg,Ursaring
data/Pokemon/Ursaring/2.jpg,Ursaring
data/Pokemon/Ursaring/0.jpg,Ursaring
data/Pokemon/Jangmo-o/1.jpg,Jangmo-o
data/Pokemon/Jangmo-o/0.jpg,Jangmo-o
data/Pokemon/Herdier/1.jpg,Herdier
data/Pokemon/Herdier/0.jpg,Herdier
data/Pokemon/Skarmory/1.jpg,Skarmory
data/Pokemon/Skarmory/2.jpg,Skarmory
data/Pokemon/Skarmory/0.jpg,Skarmory
data/Pokemon/Poliwrath/1.jpg,Poliwrath
data/Pokemon/Poliwrath/2.jpg,Poliwrath
data/Pokemon/Poliwrath/0.jpg,Poliwrath
data/Pokemon/Poliwrath/3.jpg,Poliwrath
data/Pokemon/Darkrai/1.jpg,Darkrai
data/Pokemon/Darkrai/0.jpg,Darkrai
data/Pokemon/Snom/0.jpg,Snom
data/Pokemon/Chinchou/1.jpg,Chinchou
data/Pokemon/Chinchou/2.jpg,Chinchou
data/Pokemon/Chinchou/0.jpg,Chinchou
data/Pokemon/Machop/1.jpg,Machop
data/Pokemon/Machop/2.jpg,Machop
data/Pokemon/Machop/0.jpg,Machop
data/Pokemon/Machop/3.jpg,Machop
data/Pokemon/Octillery/1.jpg,Octillery
data/Pokemon/Octillery/2.jpg,Octillery
data/Pokemon/Octillery/0.jpg,Octillery
data/Pokemon/Golett/1.jpg,Golett
data/Pokemon/Golett/0.jpg,Golett
data/Pokemon/Corviknight/1.jpg,Corviknight
data/Pokemon/Corviknight/0.jpg,Corviknight
data/Pokemon/Sandslash/1.jpg,Sandslash
data/Pokemon/Sandslash/2.jpg,Sandslash
data/Pokemon/Sandslash/0.jpg,Sandslash
data/Pokemon/Castform/1.jpg,Castform
data/Pokemon/Castform/2.jpg,Castform
data/Pokemon/Castform/0.jpg,Castform
data/Pokemon/Castform/3.jpg,Castform
data/Pokemon/Castform/4.jpg,Castform
data/Pokemon/Snorunt/1.jpg,Snorunt
data/Pokemon/Snorunt/0.jpg,Snorunt
data/Pokemon/Seedot/1.jpg,Seedot
data/Pokemon/Seedot/0.jpg,Seedot
data/Pokemon/Clefable/1.jpg,Clefable
data/Pokemon/Clefable/2.jpg,Clefable
data/Pokemon/Clefable/0.jpg,Clefable
data/Pokemon/Clefable/3.jpg,Clefable
data/Pokemon/Urshifu/1.jpg,Urshifu
data/Pokemon/Urshifu/2.jpg,Urshifu
data/Pokemon/Urshifu/0.jpg,Urshifu
data/Pokemon/Urshifu/3.jpg,Urshifu
data/Pokemon/Feebas/1.jpg,Feebas
data/Pokemon/Feebas/0.jpg,Feebas
data/Pokemon/Spinda/1.jpg,Spinda
data/Pokemon/Spinda/0.jpg,Spinda
data/Pokemon/Hatterene/1.jpg,Hatterene
data/Pokemon/Hatterene/0.jpg,Hatterene
data/Pokemon/Flareon/1.jpg,Flareon
data/Pokemon/Flareon/2.jpg,Flareon
data/Pokemon/Flareon/0.jpg,Flareon
data/Pokemon/Flareon/3.jpg,Flareon
data/Pokemon/Wartortle/1.jpg,Wartortle
data/Pokemon/Wartortle/2.jpg,Wartortle
data/Pokemon/Wartortle/0.jpg,Wartortle
data/Pokemon/Wartortle/3.jpg,Wartortle
data/Pokemon/Absol/1.jpg,Absol
data/Pokemon/Absol/2.jpg,Absol
data/Pokemon/Absol/0.jpg,Absol
data/Pokemon/Absol/3.jpg,Absol
data/Pokemon/Lombre/1.jpg,Lombre
data/Pokemon/Lombre/0.jpg,Lombre
data/Pokemon/Pidgey/1.jpg,Pidgey
data/Pokemon/Pidgey/2.jpg,Pidgey
data/Pokemon/Pidgey/0.jpg,Pidgey
data/Pokemon/Pidgey/3.jpg,Pidgey
data/Pokemon/Slowpoke/1.jpg,Slowpoke
data/Pokemon/Slowpoke/2.jpg,Slowpoke
data/Pokemon/Slowpoke/0.jpg,Slowpoke
data/Pokemon/Slowpoke/3.jpg,Slowpoke
data/Pokemon/Slowpoke/4.jpg,Slowpoke
data/Pokemon/Chesnaught/1.jpg,Chesnaught
data/Pokemon/Chesnaught/0.jpg,Chesnaught
data/Pokemon/Reuniclus/1.jpg,Reuniclus
data/Pokemon/Reuniclus/0.jpg,Reuniclus
data/Pokemon/Whismur/1.jpg,Whismur
data/Pokemon/Whismur/0.jpg,Whismur
data/Pokemon/Venusaur/5.jpg,Venusaur
data/Pokemon/Venusaur/1.jpg,Venusaur
data/Pokemon/Venusaur/2.jpg,Venusaur
data/Pokemon/Venusaur/0.jpg,Venusaur
data/Pokemon/Venusaur/3.jpg,Venusaur
data/Pokemon/Venusaur/4.jpg,Venusaur
data/Pokemon/Venusaur/6.jpg,Venusaur
data/Pokemon/Venusaur/7.jpg,Venusaur
data/Pokemon/Hydreigon/1.jpg,Hydreigon
data/Pokemon/Hydreigon/0.jpg,Hydreigon
data/Pokemon/Shelgon/1.jpg,Shelgon
data/Pokemon/Shelgon/0.jpg,Shelgon
data/Pokemon/Phanpy/1.jpg,Phanpy
data/Pokemon/Phanpy/2.jpg,Phanpy
data/Pokemon/Phanpy/0.jpg,Phanpy
data/Pokemon/Dreepy/0.jpg,Dreepy
data/Pokemon/Salandit/1.jpg,Salandit
data/Pokemon/Salandit/0.jpg,Salandit
data/Pokemon/Larvesta/1.jpg,Larvesta
data/Pokemon/Larvesta/0.jpg,Larvesta
data/Pokemon/Magnemite/1.jpg,Magnemite
data/Pokemon/Magnemite/2.jpg,Magnemite
data/Pokemon/Magnemite/0.jpg,Magnemite
data/Pokemon/Magnemite/3.jpg,Magnemite
data/Pokemon/Kabuto/1.jpg,Kabuto
data/Pokemon/Kabuto/2.jpg,Kabuto
data/Pokemon/Kabuto/0.jpg,Kabuto
data/Pokemon/Kabuto/3.jpg,Kabuto
data/Pokemon/Suicune/1.jpg,Suicune
data/Pokemon/Suicune/2.jpg,Suicune
data/Pokemon/Suicune/0.jpg,Suicune
data/Pokemon/Corsola/1.jpg,Corsola
data/Pokemon/Corsola/2.jpg,Corsola
data/Pokemon/Corsola/0.jpg,Corsola
data/Pokemon/Corsola/3.jpg,Corsola
data/Pokemon/Abomasnow/1.jpg,Abomasnow
data/Pokemon/Abomasnow/2.jpg,Abomasnow
data/Pokemon/Abomasnow/0.jpg,Abomasnow
data/Pokemon/Abomasnow/3.jpg,Abomasnow
data/Pokemon/Sawk/1.jpg,Sawk
data/Pokemon/Sawk/0.jpg,Sawk
data/Pokemon/Slaking/1.jpg,Slaking
data/Pokemon/Slaking/0.jpg,Slaking
data/Pokemon/Litleo/1.jpg,Litleo
data/Pokemon/Litleo/0.jpg,Litleo
data/Pokemon/Rolycoly/1.jpg,Rolycoly
data/Pokemon/Rolycoly/0.jpg,Rolycoly
data/Pokemon/Swampert/1.jpg,Swampert
data/Pokemon/Swampert/2.jpg,Swampert
data/Pokemon/Swampert/0.jpg,Swampert
data/Pokemon/Swampert/3.jpg,Swampert
data/Pokemon/Munna/1.jpg,Munna
data/Pokemon/Munna/0.jpg,Munna
data/Pokemon/Sawsbuck/5.jpg,Sawsbuck
data/Pokemon/Sawsbuck/1.jpg,Sawsbuck
data/Pokemon/Sawsbuck/2.jpg,Sawsbuck
data/Pokemon/Sawsbuck/0.jpg,Sawsbuck
data/Pokemon/Sawsbuck/3.jpg,Sawsbuck
data/Pokemon/Sawsbuck/4.jpg,Sawsbuck
data/Pokemon/Scyther/1.jpg,Scyther
data/Pokemon/Scyther/2.jpg,Scyther
data/Pokemon/Scyther/0.jpg,Scyther
data/Pokemon/Scyther/3.jpg,Scyther
data/Pokemon/Ariados/1.jpg,Ariados
data/Pokemon/Ariados/2.jpg,Ariados
data/Pokemon/Ariados/0.jpg,Ariados
data/Pokemon/Zamazenta/1.jpg,Zamazenta
data/Pokemon/Zamazenta/2.jpg,Zamazenta
data/Pokemon/Zamazenta/0.jpg,Zamazenta
data/Pokemon/Espeon/1.jpg,Espeon
data/Pokemon/Espeon/2.jpg,Espeon
data/Pokemon/Espeon/0.jpg,Espeon
data/Pokemon/Registeel/1.jpg,Registeel
data/Pokemon/Registeel/0.jpg,Registeel
data/Pokemon/Pyukumuku/1.jpg,Pyukumuku
data/Pokemon/Pyukumuku/0.jpg,Pyukumuku
data/Pokemon/Tepig/1.jpg,Tepig
data/Pokemon/Tepig/2.jpg,Tepig
data/Pokemon/Tepig/0.jpg,Tepig
data/Pokemon/Regidrago/0.jpg,Regidrago
data/Pokemon/Huntail/1.jpg,Huntail
data/Pokemon/Huntail/0.jpg,Huntail
data/Pokemon/Palpitoad/1.jpg,Palpitoad
data/Pokemon/Palpitoad/0.jpg,Palpitoad
data/Pokemon/Delphox/1.jpg,Delphox
data/Pokemon/Delphox/0.jpg,Delphox
data/Pokemon/Charmander/1.jpg,Charmander
data/Pokemon/Charmander/2.jpg,Charmander
data/Pokemon/Charmander/0.jpg,Charmander
data/Pokemon/Charmander/3.jpg,Charmander
data/Pokemon/Simipour/1.jpg,Simipour
data/Pokemon/Simipour/0.jpg,Simipour
data/Pokemon/Qwilfish/1.jpg,Qwilfish
data/Pokemon/Qwilfish/2.jpg,Qwilfish
data/Pokemon/Qwilfish/0.jpg,Qwilfish
data/Pokemon/Axew/1.jpg,Axew
data/Pokemon/Axew/0.jpg,Axew
data/Pokemon/Solgaleo/1.jpg,Solgaleo
data/Pokemon/Solgaleo/2.jpg,Solgaleo
data/Pokemon/Solgaleo/0.jpg,Solgaleo
data/Pokemon/Scizor/1.jpg,Scizor
data/Pokemon/Scizor/2.jpg,Scizor
data/Pokemon/Scizor/0.jpg,Scizor
data/Pokemon/Scizor/3.jpg,Scizor
data/Pokemon/Scizor/4.jpg,Scizor
data/Pokemon/Celebi/1.jpg,Celebi
data/Pokemon/Celebi/2.jpg,Celebi
data/Pokemon/Celebi/0.jpg,Celebi
data/Pokemon/Azurill/1.jpg,Azurill
data/Pokemon/Azurill/0.jpg,Azurill
data/Pokemon/Machamp/1.jpg,Machamp
data/Pokemon/Machamp/2.jpg,Machamp
data/Pokemon/Machamp/0.jpg,Machamp
data/Pokemon/Machamp/3.jpg,Machamp
data/Pokemon/Machamp/4.jpg,Machamp
data/Pokemon/Lumineon/1.jpg,Lumineon
data/Pokemon/Lumineon/0.jpg,Lumineon
data/Pokemon/Grapploct/0.jpg,Grapploct
data/Pokemon/Tentacool/1.jpg,Tentacool
data/Pokemon/Tentacool/2.jpg,Tentacool
data/Pokemon/Tentacool/0.jpg,Tentacool
data/Pokemon/Tentacool/3.jpg,Tentacool
data/Pokemon/Lickitung/1.jpg,Lickitung
data/Pokemon/Lickitung/2.jpg,Lickitung
data/Pokemon/Lickitung/0.jpg,Lickitung
data/Pokemon/Lickitung/3.jpg,Lickitung
data/Pokemon/Hawlucha/1.jpg,Hawlucha
data/Pokemon/Hawlucha/0.jpg,Hawlucha
data/Pokemon/Weezing/1.jpg,Weezing
data/Pokemon/Weezing/2.jpg,Weezing
data/Pokemon/Weezing/0.jpg,Weezing
data/Pokemon/Weezing/3.jpg,Weezing
data/Pokemon/Weezing/4.jpg,Weezing
data/Pokemon/Archeops/1.jpg,Archeops
data/Pokemon/Archeops/0.jpg,Archeops
data/Pokemon/Parasect/1.jpg,Parasect
data/Pokemon/Parasect/2.jpg,Parasect
data/Pokemon/Parasect/0.jpg,Parasect
data/Pokemon/Parasect/3.jpg,Parasect
data/Pokemon/Wishiwashi/1.jpg,Wishiwashi
data/Pokemon/Wishiwashi/2.jpg,Wishiwashi
data/Pokemon/Wishiwashi/0.jpg,Wishiwashi
data/Pokemon/Wishiwashi/3.jpg,Wishiwashi
data/Pokemon/Falinks/0.jpg,Falinks
data/Pokemon/Vanillite/1.jpg,Vanillite
data/Pokemon/Vanillite/0.jpg,Vanillite
data/Pokemon/Drakloak/0.jpg,Drakloak
data/Pokemon/Giratina/1.jpg,Giratina
data/Pokemon/Giratina/2.jpg,Giratina
data/Pokemon/Giratina/0.jpg,Giratina
data/Pokemon/Giratina/3.jpg,Giratina
data/Pokemon/Giratina/4.jpg,Giratina
data/Pokemon/Delibird/1.jpg,Delibird
data/Pokemon/Delibird/2.jpg,Delibird
data/Pokemon/Delibird/0.jpg,Delibird
data/Pokemon/Alcremie/1.jpg,Alcremie
data/Pokemon/Alcremie/0.jpg,Alcremie
data/Pokemon/Tirtouga/1.jpg,Tirtouga
data/Pokemon/Tirtouga/0.jpg,Tirtouga
data/Pokemon/Mienfoo/1.jpg,Mienfoo
data/Pokemon/Mienfoo/0.jpg,Mienfoo
data/Pokemon/Cursola/0.jpg,Cursola
data/Pokemon/Toxapex/1.jpg,Toxapex
data/Pokemon/Toxapex/0.jpg,Toxapex
data/Pokemon/Voltorb/1.jpg,Voltorb
data/Pokemon/Voltorb/2.jpg,Voltorb
data/Pokemon/Voltorb/0.jpg,Voltorb
data/Pokemon/Voltorb/3.jpg,Voltorb
data/Pokemon/Barraskewda/0.jpg,Barraskewda
data/Pokemon/Electrode/1.jpg,Electrode
data/Pokemon/Electrode/2.jpg,Electrode
data/Pokemon/Electrode/0.jpg,Electrode
data/Pokemon/Electrode/3.jpg,Electrode
data/Pokemon/Dwebble/1.jpg,Dwebble
data/Pokemon/Dwebble/0.jpg,Dwebble
data/Pokemon/Raichu/5.jpg,Raichu
data/Pokemon/Raichu/1.jpg,Raichu
data/Pokemon/Raichu/2.jpg,Raichu
data/Pokemon/Raichu/0.jpg,Raichu
data/Pokemon/Raichu/3.jpg,Raichu
data/Pokemon/Raichu/4.jpg,Raichu
data/Pokemon/Metang/1.jpg,Metang
data/Pokemon/Metang/0.jpg,Metang
data/Pokemon/Shinx/1.jpg,Shinx
data/Pokemon/Shinx/0.jpg,Shinx
data/Pokemon/Mesprit/1.jpg,Mesprit
data/Pokemon/Mesprit/0.jpg,Mesprit
data/Pokemon/Persian/5.jpg,Persian
data/Pokemon/Persian/1.jpg,Persian
data/Pokemon/Persian/2.jpg,Persian
data/Pokemon/Persian/0.jpg,Persian
data/Pokemon/Persian/3.jpg,Persian
data/Pokemon/Persian/4.jpg,Persian
data/Pokemon/Ledyba/1.jpg,Ledyba
data/Pokemon/Ledyba/2.jpg,Ledyba
data/Pokemon/Ledyba/0.jpg,Ledyba
data/Pokemon/Grookey/1.jpg,Grookey
data/Pokemon/Grookey/0.jpg,Grookey
data/Pokemon/Pidgeot/5.jpg,Pidgeot
data/Pokemon/Pidgeot/1.jpg,Pidgeot
data/Pokemon/Pidgeot/2.jpg,Pidgeot
data/Pokemon/Pidgeot/0.jpg,Pidgeot
data/Pokemon/Pidgeot/3.jpg,Pidgeot
data/Pokemon/Pidgeot/4.jpg,Pidgeot
data/Pokemon/Diglett/5.jpg,Diglett
data/Pokemon/Diglett/1.jpg,Diglett
data/Pokemon/Diglett/2.jpg,Diglett
data/Pokemon/Diglett/0.jpg,Diglett
data/Pokemon/Diglett/3.jpg,Diglett
data/Pokemon/Diglett/4.jpg,Diglett
data/Pokemon/Armaldo/1.jpg,Armaldo
data/Pokemon/Armaldo/0.jpg,Armaldo
data/Pokemon/Wailmer/1.jpg,Wailmer
data/Pokemon/Wailmer/0.jpg,Wailmer
data/Pokemon/Raticate/5.jpg,Raticate
data/Pokemon/Raticate/1.jpg,Raticate
data/Pokemon/Raticate/2.jpg,Raticate
data/Pokemon/Raticate/0.jpg,Raticate
data/Pokemon/Raticate/3.jpg,Raticate
data/Pokemon/Raticate/4.jpg,Raticate
data/Pokemon/Vigoroth/1.jpg,Vigoroth
data/Pokemon/Vigoroth/0.jpg,Vigoroth
data/Pokemon/Pincurchin/0.jpg,Pincurchin
data/Pokemon/Araquanid/1.jpg,Araquanid
data/Pokemon/Araquanid/0.jpg,Araquanid
data/Pokemon/Gogoat/1.jpg,Gogoat
data/Pokemon/Gogoat/0.jpg,Gogoat
data/Pokemon/Uxie/1.jpg,Uxie
data/Pokemon/Uxie/0.jpg,Uxie
data/Pokemon/Dusknoir/1.jpg,Dusknoir
data/Pokemon/Dusknoir/0.jpg,Dusknoir
data/Pokemon/Probopass/1.jpg,Probopass
data/Pokemon/Probopass/0.jpg,Probopass
data/Pokemon/Aegislash/1.jpg,Aegislash
data/Pokemon/Aegislash/2.jpg,Aegislash
data/Pokemon/Aegislash/0.jpg,Aegislash
data/Pokemon/Aegislash/3.jpg,Aegislash
data/Pokemon/Buzzwole/1.jpg,Buzzwole
data/Pokemon/Buzzwole/0.jpg,Buzzwole
data/Pokemon/Pelipper/1.jpg,Pelipper
data/Pokemon/Pelipper/0.jpg,Pelipper
data/Pokemon/Volbeat/1.jpg,Volbeat
data/Pokemon/Volbeat/0.jpg,Volbeat
data/Pokemon/Boldore/1.jpg,Boldore
data/Pokemon/Boldore/0.jpg,Boldore
data/Pokemon/Tranquill/1.jpg,Tranquill
data/Pokemon/Tranquill/0.jpg,Tranquill
data/Pokemon/Mawile/1.jpg,Mawile
data/Pokemon/Mawile/2.jpg,Mawile
data/Pokemon/Mawile/0.jpg,Mawile
data/Pokemon/Mawile/3.jpg,Mawile
data/Pokemon/Carvanha/1.jpg,Carvanha
data/Pokemon/Carvanha/0.jpg,Carvanha
data/Pokemon/Elekid/1.jpg,Elekid
data/Pokemon/Elekid/2.jpg,Elekid
data/Pokemon/Elekid/0.jpg,Elekid
data/Pokemon/Shieldon/1.jpg,Shieldon
data/Pokemon/Shieldon/0.jpg,Shieldon
data/Pokemon/Arceus/1.jpg,Arceus
data/Pokemon/Arceus/2.jpg,Arceus
data/Pokemon/Arceus/0.jpg,Arceus
data/Pokemon/Arceus/3.jpg,Arceus
data/Pokemon/Arceus/4.jpg,Arceus
data/Pokemon/Morpeko/1.jpg,Morpeko
data/Pokemon/Morpeko/0.jpg,Morpeko
data/Pokemon/Phantump/1.jpg,Phantump
data/Pokemon/Phantump/0.jpg,Phantump
data/Pokemon/Kricketune/1.jpg,Kricketune
data/Pokemon/Kricketune/0.jpg,Kricketune
data/Pokemon/Glameow/1.jpg,Glameow
data/Pokemon/Glameow/0.jpg,Glameow
data/Pokemon/Meloetta/1.jpg,Meloetta
data/Pokemon/Meloetta/2.jpg,Meloetta
data/Pokemon/Meloetta/0.jpg,Meloetta
data/Pokemon/Butterfree/5.jpg,Butterfree
data/Pokemon/Butterfree/1.jpg,Butterfree
data/Pokemon/Butterfree/2.jpg,Butterfree
data/Pokemon/Butterfree/0.jpg,Butterfree
data/Pokemon/Butterfree/3.jpg,Butterfree
data/Pokemon/Butterfree/4.jpg,Butterfree
data/Pokemon/Rotom/1.jpg,Rotom
data/Pokemon/Rotom/2.jpg,Rotom
data/Pokemon/Rotom/0.jpg,Rotom
data/Pokemon/Rotom/3.jpg,Rotom
data/Pokemon/Rotom/4.jpg,Rotom
data/Pokemon/Torkoal/1.jpg,Torkoal
data/Pokemon/Torkoal/0.jpg,Torkoal
data/Pokemon/Yveltal/1.jpg,Yveltal
data/Pokemon/Yveltal/2.jpg,Yveltal
data/Pokemon/Yveltal/0.jpg,Yveltal
data/Pokemon/Yveltal/3.jpg,Yveltal
data/Pokemon/Yveltal/4.jpg,Yveltal
data/Pokemon/Buizel/1.jpg,Buizel
data/Pokemon/Buizel/0.jpg,Buizel
data/Pokemon/Jellicent/1.jpg,Jellicent
data/Pokemon/Jellicent/2.jpg,Jellicent
data/Pokemon/Jellicent/0.jpg,Jellicent
data/Pokemon/Jellicent/3.jpg,Jellicent
data/Pokemon/Torterra/1.jpg,Torterra
data/Pokemon/Torterra/0.jpg,Torterra
data/Pokemon/Sableye/1.jpg,Sableye
data/Pokemon/Sableye/2.jpg,Sableye
data/Pokemon/Sableye/0.jpg,Sableye
data/Pokemon/Sableye/3.jpg,Sableye
data/Pokemon/Joltik/1.jpg,Joltik
data/Pokemon/Joltik/0.jpg,Joltik
data/Pokemon/Oranguru/1.jpg,Oranguru
data/Pokemon/Oranguru/0.jpg,Oranguru
data/Pokemon/Electrike/1.jpg,Electrike
data/Pokemon/Electrike/0.jpg,Electrike
data/Pokemon/Honchkrow/1.jpg,Honchkrow
data/Pokemon/Honchkrow/0.jpg,Honchkrow
data/Pokemon/Dedenne/1.jpg,Dedenne
data/Pokemon/Dedenne/0.jpg,Dedenne
data/Pokemon/Xerneas/1.jpg,Xerneas
data/Pokemon/Xerneas/2.jpg,Xerneas
data/Pokemon/Xerneas/0.jpg,Xerneas
data/Pokemon/Xerneas/3.jpg,Xerneas
data/Pokemon/Xerneas/4.jpg,Xerneas
data/Pokemon/Froakie/1.jpg,Froakie
data/Pokemon/Froakie/0.jpg,Froakie
data/Pokemon/Moltres/5.jpg,Moltres
data/Pokemon/Moltres/1.jpg,Moltres
data/Pokemon/Moltres/2.jpg,Moltres
data/Pokemon/Moltres/0.jpg,Moltres
data/Pokemon/Moltres/3.jpg,Moltres
data/Pokemon/Moltres/4.jpg,Moltres
data/Pokemon/Bronzong/1.jpg,Bronzong
data/Pokemon/Bronzong/0.jpg,Bronzong
data/Pokemon/Kirlia/1.jpg,Kirlia
data/Pokemon/Kirlia/0.jpg,Kirlia
data/Pokemon/Ambipom/1.jpg,Ambipom
data/Pokemon/Ambipom/0.jpg,Ambipom
data/Pokemon/Wurmple/1.jpg,Wurmple
data/Pokemon/Wurmple/0.jpg,Wurmple
data/Pokemon/Dewott/1.jpg,Dewott
data/Pokemon/Dewott/0.jpg,Dewott
data/Pokemon/Appletun/1.jpg,Appletun
data/Pokemon/Appletun/0.jpg,Appletun
data/Pokemon/Golisopod/1.jpg,Golisopod
data/Pokemon/Golisopod/0.jpg,Golisopod
data/Pokemon/Graveler/5.jpg,Graveler
data/Pokemon/Graveler/1.jpg,Graveler
data/Pokemon/Graveler/2.jpg,Graveler
data/Pokemon/Graveler/0.jpg,Graveler
data/Pokemon/Graveler/3.jpg,Graveler
data/Pokemon/Graveler/4.jpg,Graveler
data/Pokemon/Arbok/1.jpg,Arbok
data/Pokemon/Arbok/2.jpg,Arbok
data/Pokemon/Arbok/0.jpg,Arbok
data/Pokemon/Arbok/3.jpg,Arbok
data/Pokemon/Luxray/1.jpg,Luxray
data/Pokemon/Luxray/0.jpg,Luxray
data/Pokemon/Mankey/1.jpg,Mankey
data/Pokemon/Mankey/2.jpg,Mankey
data/Pokemon/Mankey/0.jpg,Mankey
data/Pokemon/Mankey/3.jpg,Mankey
data/Pokemon/Dragapult/0.jpg,Dragapult
data/Pokemon/Manectric/1.jpg,Manectric
data/Pokemon/Manectric/2.jpg,Manectric
data/Pokemon/Manectric/0.jpg,Manectric
data/Pokemon/Manectric/3.jpg,Manectric
data/Pokemon/Dartrix/1.jpg,Dartrix
data/Pokemon/Dartrix/2.jpg,Dartrix
data/Pokemon/Dartrix/0.jpg,Dartrix
data/Pokemon/Stantler/1.jpg,Stantler
data/Pokemon/Stantler/2.jpg,Stantler
data/Pokemon/Stantler/0.jpg,Stantler
data/Pokemon/Pachirisu/1.jpg,Pachirisu
data/Pokemon/Pachirisu/0.jpg,Pachirisu
data/Pokemon/Grovyle/1.jpg,Grovyle
data/Pokemon/Grovyle/0.jpg,Grovyle
data/Pokemon/Gible/1.jpg,Gible
data/Pokemon/Gible/0.jpg,Gible
data/Pokemon/Gurdurr/1.jpg,Gurdurr
data/Pokemon/Gurdurr/0.jpg,Gurdurr
data/Pokemon/Passimian/1.jpg,Passimian
data/Pokemon/Passimian/0.jpg,Passimian
data/Pokemon/Raboot/0.jpg,Raboot
data/Pokemon/Aurorus/1.jpg,Aurorus
data/Pokemon/Aurorus/0.jpg,Aurorus
data/Pokemon/Mime Jr/1.jpg,Mime Jr
data/Pokemon/Mime Jr/0.jpg,Mime Jr
data/Pokemon/Wigglytuff/1.jpg,Wigglytuff
data/Pokemon/Wigglytuff/2.jpg,Wigglytuff
data/Pokemon/Wigglytuff/0.jpg,Wigglytuff
data/Pokemon/Wigglytuff/3.jpg,Wigglytuff
data/Pokemon/Bagon/1.jpg,Bagon
data/Pokemon/Bagon/0.jpg,Bagon
data/Pokemon/Garchomp/1.jpg,Garchomp
data/Pokemon/Garchomp/2.jpg,Garchomp
data/Pokemon/Garchomp/0.jpg,Garchomp
data/Pokemon/Garchomp/3.jpg,Garchomp
data/Pokemon/Gyarados/5.jpg,Gyarados
data/Pokemon/Gyarados/1.jpg,Gyarados
data/Pokemon/Gyarados/2.jpg,Gyarados
data/Pokemon/Gyarados/0.jpg,Gyarados
data/Pokemon/Gyarados/3.jpg,Gyarados
data/Pokemon/Gyarados/4.jpg,Gyarados
data/Pokemon/Pidgeotto/1.jpg,Pidgeotto
data/Pokemon/Pidgeotto/2.jpg,Pidgeotto
data/Pokemon/Pidgeotto/0.jpg,Pidgeotto
data/Pokemon/Pidgeotto/3.jpg,Pidgeotto
data/Pokemon/Frosmoth/0.jpg,Frosmoth
data/Pokemon/Carnivine/1.jpg,Carnivine
data/Pokemon/Carnivine/0.jpg,Carnivine
data/Pokemon/Naganadel/1.jpg,Naganadel
data/Pokemon/Naganadel/0.jpg,Naganadel
data/Pokemon/Ivysaur/1.jpg,Ivysaur
data/Pokemon/Ivysaur/2.jpg,Ivysaur
data/Pokemon/Ivysaur/0.jpg,Ivysaur
data/Pokemon/Ivysaur/3.jpg,Ivysaur
data/Pokemon/Panpour/1.jpg,Panpour
data/Pokemon/Panpour/0.jpg,Panpour
data/Pokemon/Drapion/1.jpg,Drapion
data/Pokemon/Drapion/0.jpg,Drapion
data/Pokemon/Krokorok/1.jpg,Krokorok
data/Pokemon/Krokorok/0.jpg,Krokorok
data/Pokemon/Stunky/1.jpg,Stunky
data/Pokemon/Stunky/0.jpg,Stunky
data/Pokemon/Hypno/1.jpg,Hypno
data/Pokemon/Hypno/2.jpg,Hypno
data/Pokemon/Hypno/0.jpg,Hypno
data/Pokemon/Hypno/3.jpg,Hypno
data/Pokemon/Elgyem/1.jpg,Elgyem
data/Pokemon/Elgyem/0.jpg,Elgyem
data/Pokemon/Weepinbell/1.jpg,Weepinbell
data/Pokemon/Weepinbell/2.jpg,Weepinbell
data/Pokemon/Weepinbell/0.jpg,Weepinbell
data/Pokemon/Weepinbell/3.jpg,Weepinbell
data/Pokemon/Tapu Koko/1.jpg,Tapu Koko
data/Pokemon/Tapu Koko/0.jpg,Tapu Koko
data/Pokemon/Electivire/1.jpg,Electivire
data/Pokemon/Electivire/0.jpg,Electivire
data/Pokemon/Indeedee/1.jpg,Indeedee
data/Pokemon/Indeedee/0.jpg,Indeedee
data/Pokemon/Psyduck/1.jpg,Psyduck
data/Pokemon/Psyduck/2.jpg,Psyduck
data/Pokemon/Psyduck/0.jpg,Psyduck
data/Pokemon/Psyduck/3.jpg,Psyduck
data/Pokemon/Trubbish/1.jpg,Trubbish
data/Pokemon/Trubbish/0.jpg,Trubbish
data/Pokemon/Drifloon/1.jpg,Drifloon
data/Pokemon/Drifloon/0.jpg,Drifloon
data/Pokemon/Mudbray/1.jpg,Mudbray
data/Pokemon/Mudbray/0.jpg,Mudbray
data/Pokemon/Solosis/1.jpg,Solosis
data/Pokemon/Solosis/0.jpg,Solosis
data/Pokemon/Venomoth/1.jpg,Venomoth
data/Pokemon/Venomoth/2.jpg,Venomoth
data/Pokemon/Venomoth/0.jpg,Venomoth
data/Pokemon/Venomoth/3.jpg,Venomoth
data/Pokemon/Lucario/1.jpg,Lucario
data/Pokemon/Lucario/2.jpg,Lucario
data/Pokemon/Lucario/0.jpg,Lucario
data/Pokemon/Lucario/3.jpg,Lucario
data/Pokemon/Illumise/1.jpg,Illumise
data/Pokemon/Illumise/0.jpg,Illumise
data/Pokemon/Eternatus/1.jpg,Eternatus
data/Pokemon/Eternatus/0.jpg,Eternatus
data/Pokemon/Luvdisc/1.jpg,Luvdisc
data/Pokemon/Luvdisc/0.jpg,Luvdisc
data/Pokemon/Hitmonchan/1.jpg,Hitmonchan
data/Pokemon/Hitmonchan/2.jpg,Hitmonchan
data/Pokemon/Hitmonchan/0.jpg,Hitmonchan
data/Pokemon/Hitmonchan/3.jpg,Hitmonchan
data/Pokemon/Heatmor/1.jpg,Heatmor
data/Pokemon/Heatmor/0.jpg,Heatmor
data/Pokemon/Duraludon/1.jpg,Duraludon
data/Pokemon/Duraludon/0.jpg,Duraludon
data/Pokemon/Whiscash/1.jpg,Whiscash
data/Pokemon/Whiscash/0.jpg,Whiscash
data/Pokemon/Woobat/1.jpg,Woobat
data/Pokemon/Woobat/0.jpg,Woobat
data/Pokemon/Tyrogue/1.jpg,Tyrogue
data/Pokemon/Tyrogue/2.jpg,Tyrogue
data/Pokemon/Tyrogue/0.jpg,Tyrogue
data/Pokemon/Musharna/1.jpg,Musharna
data/Pokemon/Musharna/0.jpg,Musharna
data/Pokemon/Zekrom/1.jpg,Zekrom
data/Pokemon/Zekrom/2.jpg,Zekrom
data/Pokemon/Zekrom/0.jpg,Zekrom
data/Pokemon/Zekrom/3.jpg,Zekrom
data/Pokemon/Turtwig/1.jpg,Turtwig
data/Pokemon/Turtwig/2.jpg,Turtwig
data/Pokemon/Turtwig/0.jpg,Turtwig
data/Pokemon/Bastiodon/1.jpg,Bastiodon
data/Pokemon/Bastiodon/0.jpg,Bastiodon
data/Pokemon/Zorua/1.jpg,Zorua
data/Pokemon/Zorua/0.jpg,Zorua
data/Pokemon/Nidorino/1.jpg,Nidorino
data/Pokemon/Nidorino/2.jpg,Nidorino
data/Pokemon/Nidorino/0.jpg,Nidorino
data/Pokemon/Nidorino/3.jpg,Nidorino
data/Pokemon/Zarude/1.jpg,Zarude
data/Pokemon/Zarude/0.jpg,Zarude
data/Pokemon/Forretress/1.jpg,Forretress
data/Pokemon/Forretress/2.jpg,Forretress
data/Pokemon/Forretress/0.jpg,Forretress
data/Pokemon/Florges/5.jpg,Florges
data/Pokemon/Florges/1.jpg,Florges
data/Pokemon/Florges/2.jpg,Florges
data/Pokemon/Florges/0.jpg,Florges
data/Pokemon/Florges/3.jpg,Florges
data/Pokemon/Florges/4.jpg,Florges
data/Pokemon/Ninjask/1.jpg,Ninjask
data/Pokemon/Ninjask/0.jpg,Ninjask
data/Pokemon/Ho-oh/1.jpg,Ho-oh
data/Pokemon/Ho-oh/2.jpg,Ho-oh
data/Pokemon/Ho-oh/0.jpg,Ho-oh
data/Pokemon/Ho-oh/3.jpg,Ho-oh
data/Pokemon/Ho-oh/4.jpg,Ho-oh
data/Pokemon/Togepi/1.jpg,Togepi
data/Pokemon/Togepi/2.jpg,Togepi
data/Pokemon/Togepi/0.jpg,Togepi
data/Pokemon/Clefairy/1.jpg,Clefairy
data/Pokemon/Clefairy/2.jpg,Clefairy
data/Pokemon/Clefairy/0.jpg,Clefairy
data/Pokemon/Clefairy/3.jpg,Clefairy
data/Pokemon/Galvantula/1.jpg,Galvantula
data/Pokemon/Galvantula/0.jpg,Galvantula
data/Pokemon/Mewtwo/5.jpg,Mewtwo
data/Pokemon/Mewtwo/1.jpg,Mewtwo
data/Pokemon/Mewtwo/2.jpg,Mewtwo
data/Pokemon/Mewtwo/0.jpg,Mewtwo
data/Pokemon/Mewtwo/3.jpg,Mewtwo
data/Pokemon/Mewtwo/4.jpg,Mewtwo
data/Pokemon/Charjabug/1.jpg,Charjabug
data/Pokemon/Charjabug/0.jpg,Charjabug
data/Pokemon/Latios/1.jpg,Latios
data/Pokemon/Latios/2.jpg,Latios
data/Pokemon/Latios/0.jpg,Latios
data/Pokemon/Latios/3.jpg,Latios
data/Pokemon/Latios/4.jpg,Latios
data/Pokemon/Celesteela/1.jpg,Celesteela
data/Pokemon/Celesteela/0.jpg,Celesteela
data/Pokemon/Cufant/0.jpg,Cufant
data/Pokemon/Reshiram/1.jpg,Reshiram
data/Pokemon/Reshiram/2.jpg,Reshiram
data/Pokemon/Reshiram/0.jpg,Reshiram
data/Pokemon/Reshiram/3.jpg,Reshiram
data/Pokemon/Hoopa/1.jpg,Hoopa
data/Pokemon/Hoopa/2.jpg,Hoopa
data/Pokemon/Hoopa/0.jpg,Hoopa
data/Pokemon/Hoopa/3.jpg,Hoopa
data/Pokemon/Staravia/1.jpg,Staravia
data/Pokemon/Staravia/0.jpg,Staravia
data/Pokemon/Gliscor/1.jpg,Gliscor
data/Pokemon/Gliscor/0.jpg,Gliscor
data/Pokemon/Shiinotic/1.jpg,Shiinotic
data/Pokemon/Shiinotic/0.jpg,Shiinotic
data/Pokemon/Dialga/1.jpg,Dialga
data/Pokemon/Dialga/2.jpg,Dialga
data/Pokemon/Dialga/0.jpg,Dialga
data/Pokemon/Dialga/3.jpg,Dialga
data/Pokemon/Sandshrew/5.jpg,Sandshrew
data/Pokemon/Sandshrew/1.jpg,Sandshrew
data/Pokemon/Sandshrew/2.jpg,Sandshrew
data/Pokemon/Sandshrew/0.jpg,Sandshrew
data/Pokemon/Sandshrew/3.jpg,Sandshrew
data/Pokemon/Sandshrew/4.jpg,Sandshrew
data/Pokemon/Applin/0.jpg,Applin
data/Pokemon/Chikorita/1.jpg,Chikorita
data/Pokemon/Chikorita/2.jpg,Chikorita
data/Pokemon/Chikorita/0.jpg,Chikorita
data/Pokemon/Kyurem/1.jpg,Kyurem
data/Pokemon/Kyurem/2.jpg,Kyurem
data/Pokemon/Kyurem/0.jpg,Kyurem
data/Pokemon/Kyurem/3.jpg,Kyurem
data/Pokemon/Kyurem/4.jpg,Kyurem
data/Pokemon/Helioptile/1.jpg,Helioptile
data/Pokemon/Helioptile/0.jpg,Helioptile
data/Pokemon/Crustle/1.jpg,Crustle
data/Pokemon/Crustle/0.jpg,Crustle
data/Pokemon/Horsea/1.jpg,Horsea
data/Pokemon/Horsea/2.jpg,Horsea
data/Pokemon/Horsea/0.jpg,Horsea
data/Pokemon/Horsea/3.jpg,Horsea
data/Pokemon/Swellow/1.jpg,Swellow
data/Pokemon/Swellow/0.jpg,Swellow
data/Pokemon/Crabominable/1.jpg,Crabominable
data/Pokemon/Crabominable/0.jpg,Crabominable
data/Pokemon/Beldum/1.jpg,Beldum
data/Pokemon/Beldum/2.jpg,Beldum
data/Pokemon/Beldum/0.jpg,Beldum
data/Pokemon/Klinklang/1.jpg,Klinklang
data/Pokemon/Klinklang/0.jpg,Klinklang
data/Pokemon/Venipede/1.jpg,Venipede
data/Pokemon/Venipede/0.jpg,Venipede
data/Pokemon/Popplio/1.jpg,Popplio
data/Pokemon/Popplio/2.jpg,Popplio
data/Pokemon/Popplio/0.jpg,Popplio
data/Pokemon/Popplio/3.jpg,Popplio
data/Pokemon/Grimer/5.jpg,Grimer
data/Pokemon/Grimer/1.jpg,Grimer
data/Pokemon/Grimer/2.jpg,Grimer
data/Pokemon/Grimer/0.jpg,Grimer
data/Pokemon/Grimer/3.jpg,Grimer
data/Pokemon/Grimer/4.jpg,Grimer
data/Pokemon/Yamper/1.jpg,Yamper
data/Pokemon/Yamper/0.jpg,Yamper
data/Pokemon/Blastoise/5.jpg,Blastoise
data/Pokemon/Blastoise/1.jpg,Blastoise
data/Pokemon/Blastoise/2.jpg,Blastoise
data/Pokemon/Blastoise/0.jpg,Blastoise
data/Pokemon/Blastoise/3.jpg,Blastoise
data/Pokemon/Blastoise/4.jpg,Blastoise
data/Pokemon/Bellossom/1.jpg,Bellossom
data/Pokemon/Bellossom/2.jpg,Bellossom
data/Pokemon/Bellossom/0.jpg,Bellossom
data/Pokemon/Baltoy/1.jpg,Baltoy
data/Pokemon/Baltoy/0.jpg,Baltoy
data/Pokemon/Kingler/1.jpg,Kingler
data/Pokemon/Kingler/2.jpg,Kingler
data/Pokemon/Kingler/0.jpg,Kingler
data/Pokemon/Kingler/3.jpg,Kingler
data/Pokemon/Kingler/4.jpg,Kingler
data/Pokemon/Petilil/1.jpg,Petilil
data/Pokemon/Petilil/0.jpg,Petilil
data/Pokemon/Banette/1.jpg,Banette
data/Pokemon/Banette/2.jpg,Banette
data/Pokemon/Banette/0.jpg,Banette
data/Pokemon/Banette/3.jpg,Banette
data/Pokemon/Kakuna/1.jpg,Kakuna
data/Pokemon/Kakuna/2.jpg,Kakuna
data/Pokemon/Kakuna/0.jpg,Kakuna
data/Pokemon/Kakuna/3.jpg,Kakuna
data/Pokemon/Ribombee/1.jpg,Ribombee
data/Pokemon/Ribombee/0.jpg,Ribombee
data/Pokemon/Politoed/1.jpg,Politoed
data/Pokemon/Politoed/2.jpg,Politoed
data/Pokemon/Politoed/0.jpg,Politoed
data/Pokemon/Aerodactyl/5.jpg,Aerodactyl
data/Pokemon/Aerodactyl/1.jpg,Aerodactyl
data/Pokemon/Aerodactyl/2.jpg,Aerodactyl
data/Pokemon/Aerodactyl/0.jpg,Aerodactyl
data/Pokemon/Aerodactyl/3.jpg,Aerodactyl
data/Pokemon/Aerodactyl/4.jpg,Aerodactyl
data/Pokemon/Foongus/1.jpg,Foongus
data/Pokemon/Foongus/0.jpg,Foongus
data/Pokemon/Sigilyph/1.jpg,Sigilyph
data/Pokemon/Sigilyph/0.jpg,Sigilyph
data/Pokemon/Quilava/1.jpg,Quilava
data/Pokemon/Quilava/2.jpg,Quilava
data/Pokemon/Quilava/0.jpg,Quilava
data/Pokemon/Tyrunt/1.jpg,Tyrunt
data/Pokemon/Tyrunt/0.jpg,Tyrunt
data/Pokemon/Tropius/1.jpg,Tropius
data/Pokemon/Tropius/0.jpg,Tropius
data/Pokemon/Grotle/1.jpg,Grotle
data/Pokemon/Grotle/0.jpg,Grotle
data/Pokemon/Vullaby/1.jpg,Vullaby
data/Pokemon/Vullaby/0.jpg,Vullaby
data/Pokemon/Grimmsnarl/1.jpg,Grimmsnarl
data/Pokemon/Grimmsnarl/0.jpg,Grimmsnarl
data/Pokemon/Clawitzer/1.jpg,Clawitzer
data/Pokemon/Clawitzer/0.jpg,Clawitzer
data/Pokemon/Zigzagoon/1.jpg,Zigzagoon
data/Pokemon/Zigzagoon/2.jpg,Zigzagoon
data/Pokemon/Zigzagoon/0.jpg,Zigzagoon
data/Pokemon/Vespiquen/1.jpg,Vespiquen
data/Pokemon/Vespiquen/0.jpg,Vespiquen
data/Pokemon/Furret/1.jpg,Furret
data/Pokemon/Furret/2.jpg,Furret
data/Pokemon/Furret/0.jpg,Furret
data/Pokemon/Fennekin/1.jpg,Fennekin
data/Pokemon/Fennekin/0.jpg,Fennekin
data/Pokemon/Accelgor/1.jpg,Accelgor
data/Pokemon/Accelgor/0.jpg,Accelgor
data/Pokemon/Heliolisk/1.jpg,Heliolisk
data/Pokemon/Heliolisk/0.jpg,Heliolisk
data/Pokemon/Arcanine/1.jpg,Arcanine
data/Pokemon/Arcanine/2.jpg,Arcanine
data/Pokemon/Arcanine/0.jpg,Arcanine
data/Pokemon/Arcanine/3.jpg,Arcanine
data/Pokemon/Croconaw/1.jpg,Croconaw
data/Pokemon/Croconaw/2.jpg,Croconaw
data/Pokemon/Croconaw/0.jpg,Croconaw
data/Pokemon/Spectrier/0.jpg,Spectrier
data/Pokemon/Latias/1.jpg,Latias
data/Pokemon/Latias/2.jpg,Latias
data/Pokemon/Latias/0.jpg,Latias
data/Pokemon/Latias/3.jpg,Latias
data/Pokemon/Latias/4.jpg,Latias
data/Pokemon/Pyroar/1.jpg,Pyroar
data/Pokemon/Pyroar/2.jpg,Pyroar
data/Pokemon/Pyroar/0.jpg,Pyroar
data/Pokemon/Empoleon/1.jpg,Empoleon
data/Pokemon/Empoleon/0.jpg,Empoleon
data/Pokemon/Jynx/1.jpg,Jynx
data/Pokemon/Jynx/2.jpg,Jynx
data/Pokemon/Jynx/0.jpg,Jynx
data/Pokemon/Jynx/3.jpg,Jynx
data/Pokemon/Sandile/1.jpg,Sandile
data/Pokemon/Sandile/0.jpg,Sandile
data/Pokemon/Pansear/1.jpg,Pansear
data/Pokemon/Pansear/0.jpg,Pansear
data/Pokemon/Noctowl/1.jpg,Noctowl
data/Pokemon/Noctowl/2.jpg,Noctowl
data/Pokemon/Noctowl/0.jpg,Noctowl
data/Pokemon/Cacnea/1.jpg,Cacnea
data/Pokemon/Cacnea/0.jpg,Cacnea
data/Pokemon/Buneary/1.jpg,Buneary
data/Pokemon/Buneary/0.jpg,Buneary
data/Pokemon/Purugly/1.jpg,Purugly
data/Pokemon/Purugly/0.jpg,Purugly
data/Pokemon/Shroomish/1.jpg,Shroomish
data/Pokemon/Shroomish/0.jpg,Shroomish
data/Pokemon/Dubwool/0.jpg,Dubwool
data/Pokemon/Slakoth/1.jpg,Slakoth
data/Pokemon/Slakoth/0.jpg,Slakoth
data/Pokemon/Haxorus/1.jpg,Haxorus
data/Pokemon/Haxorus/0.jpg,Haxorus
data/Pokemon/Bounsweet/1.jpg,Bounsweet
data/Pokemon/Bounsweet/0.jpg,Bounsweet
data/Pokemon/Salamence/1.jpg,Salamence
data/Pokemon/Salamence/2.jpg,Salamence
data/Pokemon/Salamence/0.jpg,Salamence
data/Pokemon/Salamence/3.jpg,Salamence
data/Pokemon/Carbink/1.jpg,Carbink
data/Pokemon/Carbink/0.jpg,Carbink
data/Pokemon/Minior/5.jpg,Minior
data/Pokemon/Minior/1.jpg,Minior
data/Pokemon/Minior/2.jpg,Minior
data/Pokemon/Minior/0.jpg,Minior
data/Pokemon/Minior/3.jpg,Minior
data/Pokemon/Minior/4.jpg,Minior
data/Pokemon/Mantyke/1.jpg,Mantyke
data/Pokemon/Mantyke/0.jpg,Mantyke
data/Pokemon/Corvisquire/0.jpg,Corvisquire
data/Pokemon/Arrokuda/0.jpg,Arrokuda
data/Pokemon/Rampardos/1.jpg,Rampardos
data/Pokemon/Rampardos/0.jpg,Rampardos
data/Pokemon/Nidoking/1.jpg,Nidoking
data/Pokemon/Nidoking/2.jpg,Nidoking
data/Pokemon/Nidoking/0.jpg,Nidoking
data/Pokemon/Nidoking/3.jpg,Nidoking
data/Pokemon/Lanturn/1.jpg,Lanturn
data/Pokemon/Lanturn/2.jpg,Lanturn
data/Pokemon/Lanturn/0.jpg,Lanturn
data/Pokemon/Tyranitar/1.jpg,Tyranitar
data/Pokemon/Tyranitar/2.jpg,Tyranitar
data/Pokemon/Tyranitar/0.jpg,Tyranitar
data/Pokemon/Tyranitar/3.jpg,Tyranitar
data/Pokemon/Tyranitar/4.jpg,Tyranitar
data/Pokemon/Thwackey/0.jpg,Thwackey
data/Pokemon/Lycanroc/5.jpg,Lycanroc
data/Pokemon/Lycanroc/1.jpg,Lycanroc
data/Pokemon/Lycanroc/2.jpg,Lycanroc
data/Pokemon/Lycanroc/0.jpg,Lycanroc
data/Pokemon/Lycanroc/3.jpg,Lycanroc
data/Pokemon/Lycanroc/4.jpg,Lycanroc
data/Pokemon/Metagross/5.jpg,Metagross
data/Pokemon/Metagross/1.jpg,Metagross
data/Pokemon/Metagross/2.jpg,Metagross
data/Pokemon/Metagross/0.jpg,Metagross
data/Pokemon/Metagross/3.jpg,Metagross
data/Pokemon/Metagross/4.jpg,Metagross
data/Pokemon/Tapu Bulu/1.jpg,Tapu Bulu
data/Pokemon/Tapu Bulu/0.jpg,Tapu Bulu
data/Pokemon/Azumarill/1.jpg,Azumarill
data/Pokemon/Azumarill/2.jpg,Azumarill
data/Pokemon/Azumarill/0.jpg,Azumarill
data/Pokemon/Alomomola/1.jpg,Alomomola
data/Pokemon/Alomomola/0.jpg,Alomomola
data/Pokemon/Drifblim/1.jpg,Drifblim
data/Pokemon/Drifblim/0.jpg,Drifblim
data/Pokemon/Morgrem/0.jpg,Morgrem
data/Pokemon/Bisharp/1.jpg,Bisharp
data/Pokemon/Bisharp/0.jpg,Bisharp
data/Pokemon/Pidove/1.jpg,Pidove
data/Pokemon/Pidove/0.jpg,Pidove
data/Pokemon/Marowak/5.jpg,Marowak
data/Pokemon/Marowak/1.jpg,Marowak
data/Pokemon/Marowak/2.jpg,Marowak
data/Pokemon/Marowak/0.jpg,Marowak
data/Pokemon/Marowak/3.jpg,Marowak
data/Pokemon/Marowak/4.jpg,Marowak
data/Pokemon/Magcargo/1.jpg,Magcargo
data/Pokemon/Magcargo/2.jpg,Magcargo
data/Pokemon/Magcargo/0.jpg,Magcargo
data/Pokemon/Dragalge/1.jpg,Dragalge
data/Pokemon/Dragalge/0.jpg,Dragalge
data/Pokemon/Cyndaquil/1.jpg,Cyndaquil
data/Pokemon/Cyndaquil/2.jpg,Cyndaquil
data/Pokemon/Cyndaquil/0.jpg,Cyndaquil
data/Pokemon/Klefki/1.jpg,Klefki
data/Pokemon/Klefki/0.jpg,Klefki
data/Pokemon/Zygarde/5.jpg,Zygarde
data/Pokemon/Zygarde/1.jpg,Zygarde
data/Pokemon/Zygarde/2.jpg,Zygarde
data/Pokemon/Zygarde/0.jpg,Zygarde
data/Pokemon/Zygarde/3.jpg,Zygarde
data/Pokemon/Zygarde/4.jpg,Zygarde
data/Pokemon/Ditto/1.jpg,Ditto
data/Pokemon/Ditto/2.jpg,Ditto
data/Pokemon/Ditto/0.jpg,Ditto
data/Pokemon/Ditto/3.jpg,Ditto
data/Pokemon/Mudkip/1.jpg,Mudkip
data/Pokemon/Mudkip/2.jpg,Mudkip
data/Pokemon/Mudkip/0.jpg,Mudkip
data/Pokemon/Mudkip/3.jpg,Mudkip
data/Pokemon/Nihilego/1.jpg,Nihilego
data/Pokemon/Nihilego/0.jpg,Nihilego
data/Pokemon/Beheeyem/1.jpg,Beheeyem
data/Pokemon/Beheeyem/0.jpg,Beheeyem
data/Pokemon/Magby/1.jpg,Magby
data/Pokemon/Magby/2.jpg,Magby
data/Pokemon/Magby/0.jpg,Magby
data/Pokemon/Rowlet/1.jpg,Rowlet
data/Pokemon/Rowlet/2.jpg,Rowlet
data/Pokemon/Rowlet/0.jpg,Rowlet
data/Pokemon/Necrozma/5.jpg,Necrozma
data/Pokemon/Necrozma/1.jpg,Necrozma
data/Pokemon/Necrozma/2.jpg,Necrozma
data/Pokemon/Necrozma/0.jpg,Necrozma
data/Pokemon/Necrozma/3.jpg,Necrozma
data/Pokemon/Necrozma/4.jpg,Necrozma
data/Pokemon/Necrozma/6.jpg,Necrozma
data/Pokemon/Cradily/1.jpg,Cradily
data/Pokemon/Cradily/0.jpg,Cradily
data/Pokemon/Sharpedo/1.jpg,Sharpedo
data/Pokemon/Sharpedo/2.jpg,Sharpedo
data/Pokemon/Sharpedo/0.jpg,Sharpedo
data/Pokemon/Sharpedo/3.jpg,Sharpedo
data/Pokemon/Magmar/1.jpg,Magmar
data/Pokemon/Magmar/2.jpg,Magmar
data/Pokemon/Magmar/0.jpg,Magmar
data/Pokemon/Magmar/3.jpg,Magmar
data/Pokemon/Feraligatr/1.jpg,Feraligatr
data/Pokemon/Feraligatr/2.jpg,Feraligatr
data/Pokemon/Feraligatr/0.jpg,Feraligatr
data/Pokemon/Arctozolt/0.jpg,Arctozolt
data/Pokemon/Tynamo/1.jpg,Tynamo
data/Pokemon/Tynamo/0.jpg,Tynamo
data/Pokemon/Vulpix/1.jpg,Vulpix
data/Pokemon/Vulpix/2.jpg,Vulpix
data/Pokemon/Vulpix/0.jpg,Vulpix
data/Pokemon/Tauros/1.jpg,Tauros
data/Pokemon/Tauros/2.jpg,Tauros
data/Pokemon/Tauros/0.jpg,Tauros
data/Pokemon/Tauros/3.jpg,Tauros
data/Pokemon/Cherrim/1.jpg,Cherrim
data/Pokemon/Cherrim/2.jpg,Cherrim
data/Pokemon/Cherrim/0.jpg,Cherrim
data/Pokemon/Cherrim/3.jpg,Cherrim
data/Pokemon/Oddish/1.jpg,Oddish
data/Pokemon/Oddish/2.jpg,Oddish
data/Pokemon/Oddish/0.jpg,Oddish
data/Pokemon/Oddish/3.jpg,Oddish
data/Pokemon/Sneasel/1.jpg,Sneasel
data/Pokemon/Sneasel/2.jpg,Sneasel
data/Pokemon/Sneasel/0.jpg,Sneasel
data/Pokemon/Trevenant/1.jpg,Trevenant
data/Pokemon/Trevenant/0.jpg,Trevenant
data/Pokemon/Drilbur/1.jpg,Drilbur
data/Pokemon/Drilbur/0.jpg,Drilbur
data/Pokemon/Exeggutor/1.jpg,Exeggutor
data/Pokemon/Exeggutor/2.jpg,Exeggutor
data/Pokemon/Exeggutor/0.jpg,Exeggutor
data/Pokemon/Boltund/0.jpg,Boltund
data/Pokemon/Delcatty/1.jpg,Delcatty
data/Pokemon/Delcatty/0.jpg,Delcatty
data/Pokemon/Tangrowth/1.jpg,Tangrowth
data/Pokemon/Tangrowth/0.jpg,Tangrowth
data/Pokemon/Rufflet/1.jpg,Rufflet
data/Pokemon/Rufflet/0.jpg,Rufflet
data/Pokemon/Kubfu/1.jpg,Kubfu
data/Pokemon/Kubfu/0.jpg,Kubfu
data/Pokemon/Onix/1.jpg,Onix
data/Pokemon/Onix/2.jpg,Onix
data/Pokemon/Onix/0.jpg,Onix
data/Pokemon/Onix/3.jpg,Onix
data/Pokemon/Regigigas/1.jpg,Regigigas
data/Pokemon/Regigigas/2.jpg,Regigigas
data/Pokemon/Regigigas/0.jpg,Regigigas
data/Pokemon/Furfrou/5.jpg,Furfrou
data/Pokemon/Furfrou/1.jpg,Furfrou
data/Pokemon/Furfrou/2.jpg,Furfrou
data/Pokemon/Furfrou/0.jpg,Furfrou
data/Pokemon/Furfrou/3.jpg,Furfrou
data/Pokemon/Furfrou/4.jpg,Furfrou
data/Pokemon/Mandibuzz/1.jpg,Mandibuzz
data/Pokemon/Mandibuzz/0.jpg,Mandibuzz
data/Pokemon/Carkol/0.jpg,Carkol
data/Pokemon/Bayleef/1.jpg,Bayleef
data/Pokemon/Bayleef/2.jpg,Bayleef
data/Pokemon/Bayleef/0.jpg,Bayleef
data/Pokemon/Toucannon/1.jpg,Toucannon
data/Pokemon/Toucannon/0.jpg,Toucannon
data/Pokemon/Meditite/1.jpg,Meditite
data/Pokemon/Meditite/0.jpg,Meditite
data/Pokemon/Alakazam/5.jpg,Alakazam
data/Pokemon/Alakazam/1.jpg,Alakazam
data/Pokemon/Alakazam/2.jpg,Alakazam
data/Pokemon/Alakazam/0.jpg,Alakazam
data/Pokemon/Alakazam/3.jpg,Alakazam
data/Pokemon/Alakazam/4.jpg,Alakazam
data/Pokemon/Porygon/1.jpg,Porygon
data/Pokemon/Porygon/2.jpg,Porygon
data/Pokemon/Porygon/0.jpg,Porygon
data/Pokemon/Porygon/3.jpg,Porygon
data/Pokemon/Exeggcute/1.jpg,Exeggcute
data/Pokemon/Exeggcute/2.jpg,Exeggcute
data/Pokemon/Exeggcute/0.jpg,Exeggcute
data/Pokemon/Exeggcute/3.jpg,Exeggcute
data/Pokemon/Fomantis/1.jpg,Fomantis
data/Pokemon/Fomantis/0.jpg,Fomantis
data/Pokemon/Timburr/1.jpg,Timburr
data/Pokemon/Timburr/0.jpg,Timburr
data/Pokemon/Bruxish/1.jpg,Bruxish
data/Pokemon/Bruxish/0.jpg,Bruxish
data/Pokemon/Spearow/1.jpg,Spearow
data/Pokemon/Spearow/2.jpg,Spearow
data/Pokemon/Spearow/0.jpg,Spearow
data/Pokemon/Spearow/3.jpg,Spearow
data/Pokemon/Lairon/1.jpg,Lairon
data/Pokemon/Lairon/0.jpg,Lairon
data/Pokemon/Ducklett/1.jpg,Ducklett
data/Pokemon/Ducklett/0.jpg,Ducklett
data/Pokemon/Claydol/1.jpg,Claydol
data/Pokemon/Claydol/0.jpg,Claydol
data/Pokemon/Magneton/1.jpg,Magneton
data/Pokemon/Magneton/2.jpg,Magneton
data/Pokemon/Magneton/0.jpg,Magneton
data/Pokemon/Magneton/3.jpg,Magneton
data/Pokemon/Shaymin/1.jpg,Shaymin
data/Pokemon/Shaymin/2.jpg,Shaymin
data/Pokemon/Shaymin/0.jpg,Shaymin
data/Pokemon/Shaymin/3.jpg,Shaymin
data/Pokemon/Hippowdon/1.jpg,Hippowdon
data/Pokemon/Hippowdon/0.jpg,Hippowdon
data/Pokemon/Regirock/1.jpg,Regirock
data/Pokemon/Regirock/0.jpg,Regirock
data/Pokemon/Lugia/1.jpg,Lugia
data/Pokemon/Lugia/2.jpg,Lugia
data/Pokemon/Lugia/0.jpg,Lugia
data/Pokemon/Staryu/1.jpg,Staryu
data/Pokemon/Staryu/2.jpg,Staryu
data/Pokemon/Staryu/0.jpg,Staryu
data/Pokemon/Staryu/3.jpg,Staryu
data/Pokemon/Skiploom/1.jpg,Skiploom
data/Pokemon/Skiploom/2.jpg,Skiploom
data/Pokemon/Skiploom/0.jpg,Skiploom
data/Pokemon/Piloswine/1.jpg,Piloswine
data/Pokemon/Piloswine/2.jpg,Piloswine
data/Pokemon/Piloswine/0.jpg,Piloswine
data/Pokemon/Golduck/1.jpg,Golduck
data/Pokemon/Golduck/2.jpg,Golduck
data/Pokemon/Golduck/0.jpg,Golduck
data/Pokemon/Golduck/3.jpg,Golduck
data/Pokemon/Hoppip/1.jpg,Hoppip
data/Pokemon/Hoppip/2.jpg,Hoppip
data/Pokemon/Hoppip/0.jpg,Hoppip
data/Pokemon/Braviary/1.jpg,Braviary
data/Pokemon/Braviary/0.jpg,Braviary
data/Pokemon/Teddiursa/1.jpg,Teddiursa
data/Pokemon/Teddiursa/2.jpg,Teddiursa
data/Pokemon/Teddiursa/0.jpg,Teddiursa
data/Pokemon/Doublade/1.jpg,Doublade
data/Pokemon/Doublade/0.jpg,Doublade
data/Pokemon/Croagunk/1.jpg,Croagunk
data/Pokemon/Croagunk/0.jpg,Croagunk
data/Pokemon/Patrat/1.jpg,Patrat
data/Pokemon/Patrat/0.jpg,Patrat
data/Pokemon/Lurantis/1.jpg,Lurantis
data/Pokemon/Lurantis/0.jpg,Lurantis
data/Pokemon/Camerupt/1.jpg,Camerupt
data/Pokemon/Camerupt/2.jpg,Camerupt
data/Pokemon/Camerupt/0.jpg,Camerupt
data/Pokemon/Camerupt/3.jpg,Camerupt
data/Pokemon/Shellder/1.jpg,Shellder
data/Pokemon/Shellder/2.jpg,Shellder
data/Pokemon/Shellder/0.jpg,Shellder
data/Pokemon/Shellder/3.jpg,Shellder
data/Pokemon/Lapras/1.jpg,Lapras
data/Pokemon/Lapras/2.jpg,Lapras
data/Pokemon/Lapras/0.jpg,Lapras
data/Pokemon/Lapras/3.jpg,Lapras
data/Pokemon/Lapras/4.jpg,Lapras
data/Pokemon/Monferno/1.jpg,Monferno
data/Pokemon/Monferno/0.jpg,Monferno
data/Pokemon/Pinsir/5.jpg,Pinsir
data/Pokemon/Pinsir/1.jpg,Pinsir
data/Pokemon/Pinsir/2.jpg,Pinsir
data/Pokemon/Pinsir/0.jpg,Pinsir
data/Pokemon/Pinsir/3.jpg,Pinsir
data/Pokemon/Pinsir/4.jpg,Pinsir
data/Pokemon/Gengar/5.jpg,Gengar
data/Pokemon/Gengar/1.jpg,Gengar
data/Pokemon/Gengar/2.jpg,Gengar
data/Pokemon/Gengar/0.jpg,Gengar
data/Pokemon/Gengar/3.jpg,Gengar
data/Pokemon/Gengar/4.jpg,Gengar
data/Pokemon/Wingull/1.jpg,Wingull
data/Pokemon/Wingull/0.jpg,Wingull
data/Pokemon/Smeargle/1.jpg,Smeargle
data/Pokemon/Smeargle/2.jpg,Smeargle
data/Pokemon/Smeargle/0.jpg,Smeargle
data/Pokemon/Dustox/1.jpg,Dustox
data/Pokemon/Dustox/0.jpg,Dustox
data/Pokemon/Sentret/1.jpg,Sentret
data/Pokemon/Sentret/2.jpg,Sentret
data/Pokemon/Sentret/0.jpg,Sentret
data/Pokemon/Xatu/1.jpg,Xatu
data/Pokemon/Xatu/2.jpg,Xatu
data/Pokemon/Xatu/0.jpg,Xatu
data/Pokemon/Mr. Rime/0.jpg,Mr. Rime
data/Pokemon/Sandaconda/1.jpg,Sandaconda
data/Pokemon/Sandaconda/0.jpg,Sandaconda
data/Pokemon/Frogadier/1.jpg,Frogadier
data/Pokemon/Frogadier/0.jpg,Frogadier
data/Pokemon/Kingdra/1.jpg,Kingdra
data/Pokemon/Kingdra/2.jpg,Kingdra
data/Pokemon/Kingdra/0.jpg,Kingdra
data/Pokemon/Magnezone/1.jpg,Magnezone
data/Pokemon/Magnezone/0.jpg,Magnezone
data/Pokemon/Gastly/1.jpg,Gastly
data/Pokemon/Gastly/2.jpg,Gastly
data/Pokemon/Gastly/0.jpg,Gastly
data/Pokemon/Gastly/3.jpg,Gastly
data/Pokemon/Clauncher/1.jpg,Clauncher
data/Pokemon/Clauncher/0.jpg,Clauncher
data/Pokemon/Vileplume/1.jpg,Vileplume
data/Pokemon/Vileplume/2.jpg,Vileplume
data/Pokemon/Vileplume/0.jpg,Vileplume
data/Pokemon/Vileplume/3.jpg,Vileplume
data/Pokemon/Palkia/1.jpg,Palkia
data/Pokemon/Palkia/2.jpg,Palkia
data/Pokemon/Palkia/0.jpg,Palkia
data/Pokemon/Palkia/3.jpg,Palkia
data/Pokemon/Chimecho/1.jpg,Chimecho
data/Pokemon/Chimecho/0.jpg,Chimecho
data/Pokemon/Pupitar/1.jpg,Pupitar
data/Pokemon/Pupitar/2.jpg,Pupitar
data/Pokemon/Pupitar/0.jpg,Pupitar
data/Pokemon/Unown/5.jpg,Unown
data/Pokemon/Unown/1.jpg,Unown
data/Pokemon/Unown/2.jpg,Unown
data/Pokemon/Unown/0.jpg,Unown
data/Pokemon/Unown/3.jpg,Unown
data/Pokemon/Unown/4.jpg,Unown
data/Pokemon/Wimpod/1.jpg,Wimpod
data/Pokemon/Wimpod/0.jpg,Wimpod
data/Pokemon/Druddigon/1.jpg,Druddigon
data/Pokemon/Druddigon/0.jpg,Druddigon
data/Pokemon/Zapdos/5.jpg,Zapdos
data/Pokemon/Zapdos/1.jpg,Zapdos
data/Pokemon/Zapdos/2.jpg,Zapdos
data/Pokemon/Zapdos/0.jpg,Zapdos
data/Pokemon/Zapdos/3.jpg,Zapdos
data/Pokemon/Zapdos/4.jpg,Zapdos
data/Pokemon/Machoke/1.jpg,Machoke
data/Pokemon/Machoke/2.jpg,Machoke
data/Pokemon/Machoke/0.jpg,Machoke
data/Pokemon/Machoke/3.jpg,Machoke
data/Pokemon/Gourgeist/1.jpg,Gourgeist
data/Pokemon/Gourgeist/2.jpg,Gourgeist
data/Pokemon/Gourgeist/0.jpg,Gourgeist
data/Pokemon/Gourgeist/3.jpg,Gourgeist
data/Pokemon/Gourgeist/4.jpg,Gourgeist
data/Pokemon/Guzzlord/1.jpg,Guzzlord
data/Pokemon/Guzzlord/0.jpg,Guzzlord
data/Pokemon/Steelix/1.jpg,Steelix
data/Pokemon/Steelix/2.jpg,Steelix
data/Pokemon/Steelix/0.jpg,Steelix
data/Pokemon/Steelix/3.jpg,Steelix
data/Pokemon/Steelix/4.jpg,Steelix
data/Pokemon/Zangoose/1.jpg,Zangoose
data/Pokemon/Zangoose/0.jpg,Zangoose
data/Pokemon/Rapidash/1.jpg,Rapidash
data/Pokemon/Rapidash/2.jpg,Rapidash
data/Pokemon/Rapidash/0.jpg,Rapidash
data/Pokemon/Rapidash/3.jpg,Rapidash
data/Pokemon/Rapidash/4.jpg,Rapidash
data/Pokemon/Dugtrio/5.jpg,Dugtrio
data/Pokemon/Dugtrio/1.jpg,Dugtrio
data/Pokemon/Dugtrio/2.jpg,Dugtrio
data/Pokemon/Dugtrio/0.jpg,Dugtrio
data/Pokemon/Dugtrio/3.jpg,Dugtrio
data/Pokemon/Dugtrio/4.jpg,Dugtrio
data/Pokemon/Swalot/1.jpg,Swalot
data/Pokemon/Swalot/0.jpg,Swalot
data/Pokemon/Perrserker/0.jpg,Perrserker
data/Pokemon/Greninja/1.jpg,Greninja
data/Pokemon/Greninja/2.jpg,Greninja
data/Pokemon/Greninja/0.jpg,Greninja
data/Pokemon/Greninja/3.jpg,Greninja
data/Pokemon/Greninja/4.jpg,Greninja
data/Pokemon/Klang/1.jpg,Klang
data/Pokemon/Klang/0.jpg,Klang
data/Pokemon/Manaphy/1.jpg,Manaphy
data/Pokemon/Manaphy/0.jpg,Manaphy
data/Pokemon/Venonat/1.jpg,Venonat
data/Pokemon/Venonat/2.jpg,Venonat
data/Pokemon/Venonat/0.jpg,Venonat
data/Pokemon/Venonat/3.jpg,Venonat
data/Pokemon/Nidoran♂/1.jpg,Nidoran♂
data/Pokemon/Nidoran♂/2.jpg,Nidoran♂
data/Pokemon/Nidoran♂/0.jpg,Nidoran♂
data/Pokemon/Nidoran♂/3.jpg,Nidoran♂
data/Pokemon/Skwovet/0.jpg,Skwovet
data/Pokemon/Primeape/1.jpg,Primeape
data/Pokemon/Primeape/2.jpg,Primeape
data/Pokemon/Primeape/0.jpg,Primeape
data/Pokemon/Primeape/3.jpg,Primeape
data/Pokemon/Snorlax/1.jpg,Snorlax
data/Pokemon/Snorlax/2.jpg,Snorlax
data/Pokemon/Snorlax/0.jpg,Snorlax
data/Pokemon/Snorlax/3.jpg,Snorlax
data/Pokemon/Snorlax/4.jpg,Snorlax
data/Pokemon/Shellos/1.jpg,Shellos
data/Pokemon/Shellos/2.jpg,Shellos
data/Pokemon/Shellos/0.jpg,Shellos
data/Pokemon/Shellos/3.jpg,Shellos
data/Pokemon/Watchog/1.jpg,Watchog
data/Pokemon/Watchog/0.jpg,Watchog
data/Pokemon/Exploud/1.jpg,Exploud
data/Pokemon/Exploud/0.jpg,Exploud
data/Pokemon/Spinarak/1.jpg,Spinarak
data/Pokemon/Spinarak/2.jpg,Spinarak
data/Pokemon/Spinarak/0.jpg,Spinarak
data/Pokemon/Coalossal/1.jpg,Coalossal
data/Pokemon/Coalossal/0.jpg,Coalossal
data/Pokemon/Geodude/5.jpg,Geodude
data/Pokemon/Geodude/1.jpg,Geodude
data/Pokemon/Geodude/2.jpg,Geodude
data/Pokemon/Geodude/0.jpg,Geodude
data/Pokemon/Geodude/3.jpg,Geodude
data/Pokemon/Geodude/4.jpg,Geodude
data/Pokemon/Heracross/1.jpg,Heracross
data/Pokemon/Heracross/2.jpg,Heracross
data/Pokemon/Heracross/0.jpg,Heracross
data/Pokemon/Heracross/3.jpg,Heracross
data/Pokemon/Heracross/4.jpg,Heracross
data/Pokemon/Togetic/1.jpg,Togetic
data/Pokemon/Togetic/2.jpg,Togetic
data/Pokemon/Togetic/0.jpg,Togetic
data/Pokemon/Cosmog/1.jpg,Cosmog
data/Pokemon/Cosmog/0.jpg,Cosmog
data/Pokemon/Orbeetle/1.jpg,Orbeetle
data/Pokemon/Orbeetle/0.jpg,Orbeetle
data/Pokemon/Milotic/1.jpg,Milotic
data/Pokemon/Milotic/0.jpg,Milotic
data/Pokemon/Infernape/1.jpg,Infernape
data/Pokemon/Infernape/0.jpg,Infernape
data/Pokemon/Yanma/1.jpg,Yanma
data/Pokemon/Yanma/2.jpg,Yanma
data/Pokemon/Yanma/0.jpg,Yanma
data/Pokemon/Cleffa/1.jpg,Cleffa
data/Pokemon/Cleffa/2.jpg,Cleffa
data/Pokemon/Cleffa/0.jpg,Cleffa
data/Pokemon/Melmetal/1.jpg,Melmetal
data/Pokemon/Melmetal/0.jpg,Melmetal
data/Pokemon/Clamperl/1.jpg,Clamperl
data/Pokemon/Clamperl/0.jpg,Clamperl
data/Pokemon/Amaura/1.jpg,Amaura
data/Pokemon/Amaura/0.jpg,Amaura
data/Pokemon/Goldeen/1.jpg,Goldeen
data/Pokemon/Goldeen/2.jpg,Goldeen
data/Pokemon/Goldeen/0.jpg,Goldeen
data/Pokemon/Goldeen/3.jpg,Goldeen
data/Pokemon/Spewpa/1.jpg,Spewpa
data/Pokemon/Spewpa/0.jpg,Spewpa
data/Pokemon/Abra/1.jpg,Abra
data/Pokemon/Abra/2.jpg,Abra
data/Pokemon/Abra/0.jpg,Abra
data/Pokemon/Abra/3.jpg,Abra
data/Pokemon/Miltank/1.jpg,Miltank
data/Pokemon/Miltank/2.jpg,Miltank
data/Pokemon/Miltank/0.jpg,Miltank
data/Pokemon/Trumbeak/1.jpg,Trumbeak
data/Pokemon/Trumbeak/0.jpg,Trumbeak
data/Pokemon/Chansey/1.jpg,Chansey
data/Pokemon/Chansey/2.jpg,Chansey
data/Pokemon/Chansey/0.jpg,Chansey
data/Pokemon/Chansey/3.jpg,Chansey
data/Pokemon/Hippopotas/1.jpg,Hippopotas
data/Pokemon/Hippopotas/0.jpg,Hippopotas
data/Pokemon/Copperajah/1.jpg,Copperajah
data/Pokemon/Copperajah/0.jpg,Copperajah
data/Pokemon/Serperior/1.jpg,Serperior
data/Pokemon/Serperior/0.jpg,Serperior
data/Pokemon/Mamoswine/1.jpg,Mamoswine
data/Pokemon/Mamoswine/0.jpg,Mamoswine
data/Pokemon/Carracosta/1.jpg,Carracosta
data/Pokemon/Carracosta/0.jpg,Carracosta
data/Pokemon/Dottler/0.jpg,Dottler
data/Pokemon/Donphan/1.jpg,Donphan
data/Pokemon/Donphan/2.jpg,Donphan
data/Pokemon/Donphan/0.jpg,Donphan
data/Pokemon/Litten/1.jpg,Litten
data/Pokemon/Litten/2.jpg,Litten
data/Pokemon/Litten/0.jpg,Litten
data/Pokemon/Litten/3.jpg,Litten
data/Pokemon/Dragonite/1.jpg,Dragonite
data/Pokemon/Dragonite/2.jpg,Dragonite
data/Pokemon/Dragonite/0.jpg,Dragonite
data/Pokemon/Dragonite/3.jpg,Dragonite
data/Pokemon/Drampa/1.jpg,Drampa
data/Pokemon/Drampa/0.jpg,Drampa
data/Pokemon/Mantine/1.jpg,Mantine
data/Pokemon/Mantine/2.jpg,Mantine
data/Pokemon/Mantine/0.jpg,Mantine
data/Pokemon/Seismitoad/1.jpg,Seismitoad
data/Pokemon/Seismitoad/0.jpg,Seismitoad
data/Pokemon/Starmie/1.jpg,Starmie
data/Pokemon/Starmie/2.jpg,Starmie
data/Pokemon/Starmie/0.jpg,Starmie
data/Pokemon/Starmie/3.jpg,Starmie
data/Pokemon/Durant/1.jpg,Durant
data/Pokemon/Durant/0.jpg,Durant
data/Pokemon/Grumpig/1.jpg,Grumpig
data/Pokemon/Grumpig/0.jpg,Grumpig
data/Pokemon/Makuhita/1.jpg,Makuhita
data/Pokemon/Makuhita/0.jpg,Makuhita
data/Pokemon/Charizard/1.jpg,Charizard
data/Pokemon/Charizard/2.jpg,Charizard
data/Pokemon/Charizard/0.jpg,Charizard
data/Pokemon/Charizard/3.jpg,Charizard
data/Pokemon/Charizard/4.jpg,Charizard
data/Pokemon/Snover/1.jpg,Snover
data/Pokemon/Snover/0.jpg,Snover
data/Pokemon/Gallade/1.jpg,Gallade
data/Pokemon/Gallade/2.jpg,Gallade
data/Pokemon/Gallade/0.jpg,Gallade
data/Pokemon/Gallade/3.jpg,Gallade
data/Pokemon/Staraptor/1.jpg,Staraptor
data/Pokemon/Staraptor/0.jpg,Staraptor
data/Pokemon/Sobble/1.jpg,Sobble
data/Pokemon/Sobble/0.jpg,Sobble
data/Pokemon/Amoonguss/1.jpg,Amoonguss
data/Pokemon/Amoonguss/0.jpg,Amoonguss
data/Pokemon/Poliwag/1.jpg,Poliwag
data/Pokemon/Poliwag/2.jpg,Poliwag
data/Pokemon/Poliwag/0.jpg,Poliwag
data/Pokemon/Poliwag/3.jpg,Poliwag
data/Pokemon/Seaking/1.jpg,Seaking
data/Pokemon/Seaking/2.jpg,Seaking
data/Pokemon/Seaking/0.jpg,Seaking
data/Pokemon/Seaking/3.jpg,Seaking
data/Pokemon/Kyogre/1.jpg,Kyogre
data/Pokemon/Kyogre/2.jpg,Kyogre
data/Pokemon/Kyogre/0.jpg,Kyogre
data/Pokemon/Kyogre/3.jpg,Kyogre
data/Pokemon/Kyogre/4.jpg,Kyogre
data/Pokemon/Misdreavus/1.jpg,Misdreavus
data/Pokemon/Misdreavus/2.jpg,Misdreavus
data/Pokemon/Misdreavus/0.jpg,Misdreavus
data/Pokemon/Tsareena/1.jpg,Tsareena
data/Pokemon/Tsareena/0.jpg,Tsareena
data/Pokemon/Koffing/1.jpg,Koffing
data/Pokemon/Koffing/2.jpg,Koffing
data/Pokemon/Koffing/0.jpg,Koffing
data/Pokemon/Koffing/3.jpg,Koffing
data/Pokemon/Seviper/1.jpg,Seviper
data/Pokemon/Seviper/0.jpg,Seviper
data/Pokemon/Jirachi/1.jpg,Jirachi
data/Pokemon/Jirachi/0.jpg,Jirachi
data/Pokemon/Zeraora/1.jpg,Zeraora
data/Pokemon/Zeraora/2.jpg,Zeraora
data/Pokemon/Zeraora/0.jpg,Zeraora
data/Pokemon/Honedge/1.jpg,Honedge
data/Pokemon/Honedge/0.jpg,Honedge
data/Pokemon/Wooloo/1.jpg,Wooloo
data/Pokemon/Wooloo/0.jpg,Wooloo
data/Pokemon/Hariyama/1.jpg,Hariyama
data/Pokemon/Hariyama/0.jpg,Hariyama
data/Pokemon/Comfey/1.jpg,Comfey
data/Pokemon/Comfey/0.jpg,Comfey
data/Pokemon/Leafeon/1.jpg,Leafeon
data/Pokemon/Leafeon/0.jpg,Leafeon
data/Pokemon/Burmy/5.jpg,Burmy
data/Pokemon/Burmy/1.jpg,Burmy
data/Pokemon/Burmy/2.jpg,Burmy
data/Pokemon/Burmy/0.jpg,Burmy
data/Pokemon/Burmy/3.jpg,Burmy
data/Pokemon/Burmy/4.jpg,Burmy
data/Pokemon/Lunatone/1.jpg,Lunatone
data/Pokemon/Lunatone/0.jpg,Lunatone
data/Pokemon/Marshtomp/1.jpg,Marshtomp
data/Pokemon/Marshtomp/0.jpg,Marshtomp
data/Pokemon/Pangoro/1.jpg,Pangoro
data/Pokemon/Pangoro/0.jpg,Pangoro
data/Pokemon/Golem/5.jpg,Golem
data/Pokemon/Golem/1.jpg,Golem
data/Pokemon/Golem/2.jpg,Golem
data/Pokemon/Golem/0.jpg,Golem
data/Pokemon/Golem/3.jpg,Golem
data/Pokemon/Golem/4.jpg,Golem
data/Pokemon/Drednaw/1.jpg,Drednaw
data/Pokemon/Drednaw/0.jpg,Drednaw
data/Pokemon/Slowbro/1.jpg,Slowbro
data/Pokemon/Slowbro/2.jpg,Slowbro
data/Pokemon/Slowbro/0.jpg,Slowbro
data/Pokemon/Slowbro/3.jpg,Slowbro
data/Pokemon/Slowbro/4.jpg,Slowbro
data/Pokemon/Lileep/1.jpg,Lileep
data/Pokemon/Lileep/0.jpg,Lileep
data/Pokemon/Skiddo/1.jpg,Skiddo
data/Pokemon/Skiddo/0.jpg,Skiddo
data/Pokemon/Genesect/5.jpg,Genesect
data/Pokemon/Genesect/1.jpg,Genesect
data/Pokemon/Genesect/2.jpg,Genesect
data/Pokemon/Genesect/0.jpg,Genesect
data/Pokemon/Genesect/3.jpg,Genesect
data/Pokemon/Genesect/4.jpg,Genesect
data/Pokemon/Golurk/1.jpg,Golurk
data/Pokemon/Golurk/0.jpg,Golurk
data/Pokemon/Klink/1.jpg,Klink
data/Pokemon/Klink/0.jpg,Klink
data/Pokemon/Yanmega/1.jpg,Yanmega
data/Pokemon/Yanmega/0.jpg,Yanmega
data/Pokemon/Mudsdale/1.jpg,Mudsdale
data/Pokemon/Mudsdale/0.jpg,Mudsdale
data/Pokemon/Swablu/1.jpg,Swablu
data/Pokemon/Swablu/0.jpg,Swablu
data/Pokemon/Smoochum/1.jpg,Smoochum
data/Pokemon/Smoochum/2.jpg,Smoochum
data/Pokemon/Smoochum/0.jpg,Smoochum
data/Pokemon/Gothorita/1.jpg,Gothorita
data/Pokemon/Gothorita/0.jpg,Gothorita
data/Pokemon/Togedemaru/1.jpg,Togedemaru
data/Pokemon/Togedemaru/0.jpg,Togedemaru
data/Pokemon/Thundurus/1.jpg,Thundurus
data/Pokemon/Thundurus/2.jpg,Thundurus
data/Pokemon/Thundurus/0.jpg,Thundurus
data/Pokemon/Thundurus/3.jpg,Thundurus
data/Pokemon/Thundurus/4.jpg,Thundurus
data/Pokemon/Diancie/1.jpg,Diancie
data/Pokemon/Diancie/2.jpg,Diancie
data/Pokemon/Diancie/0.jpg,Diancie
data/Pokemon/Diancie/3.jpg,Diancie
data/Pokemon/Diancie/4.jpg,Diancie
data/Pokemon/Steenee/1.jpg,Steenee
data/Pokemon/Steenee/0.jpg,Steenee
data/Pokemon/Skuntank/1.jpg,Skuntank
data/Pokemon/Skuntank/0.jpg,Skuntank
data/Pokemon/Raikou/1.jpg,Raikou
data/Pokemon/Raikou/2.jpg,Raikou
data/Pokemon/Raikou/0.jpg,Raikou
data/Pokemon/Raikou/3.jpg,Raikou
data/Pokemon/Gabite/1.jpg,Gabite
data/Pokemon/Gabite/0.jpg,Gabite
data/Pokemon/Jolteon/1.jpg,Jolteon
data/Pokemon/Jolteon/2.jpg,Jolteon
data/Pokemon/Jolteon/0.jpg,Jolteon
data/Pokemon/Jolteon/3.jpg,Jolteon
data/Pokemon/Kommo-o/1.jpg,Kommo-o
data/Pokemon/Kommo-o/0.jpg,Kommo-o
data/Pokemon/Floette/5.jpg,Floette
data/Pokemon/Floette/1.jpg,Floette
data/Pokemon/Floette/2.jpg,Floette
data/Pokemon/Floette/0.jpg,Floette
data/Pokemon/Floette/3.jpg,Floette
data/Pokemon/Floette/4.jpg,Floette
data/Pokemon/Dusclops/1.jpg,Dusclops
data/Pokemon/Dusclops/0.jpg,Dusclops
data/Pokemon/Seel/1.jpg,Seel
data/Pokemon/Seel/2.jpg,Seel
data/Pokemon/Seel/0.jpg,Seel
data/Pokemon/Seel/3.jpg,Seel
data/Pokemon/Kangaskhan/5.jpg,Kangaskhan
data/Pokemon/Kangaskhan/1.jpg,Kangaskhan
data/Pokemon/Kangaskhan/2.jpg,Kangaskhan
data/Pokemon/Kangaskhan/0.jpg,Kangaskhan
data/Pokemon/Kangaskhan/3.jpg,Kangaskhan
data/Pokemon/Kangaskhan/4.jpg,Kangaskhan
data/Pokemon/Blacephalon/1.jpg,Blacephalon
data/Pokemon/Blacephalon/0.jpg,Blacephalon
data/Pokemon/Deino/1.jpg,Deino
data/Pokemon/Deino/0.jpg,Deino
data/Pokemon/Avalugg/1.jpg,Avalugg
data/Pokemon/Avalugg/0.jpg,Avalugg
data/Pokemon/Runerigus/0.jpg,Runerigus
data/Pokemon/Diggersby/1.jpg,Diggersby
data/Pokemon/Diggersby/0.jpg,Diggersby
data/Pokemon/Cherubi/1.jpg,Cherubi
data/Pokemon/Cherubi/0.jpg,Cherubi
data/Pokemon/Luxio/1.jpg,Luxio
data/Pokemon/Luxio/0.jpg,Luxio
data/Pokemon/Drizzile/0.jpg,Drizzile
data/Pokemon/Meganium/1.jpg,Meganium
data/Pokemon/Meganium/2.jpg,Meganium
data/Pokemon/Meganium/0.jpg,Meganium
data/Pokemon/Emolga/1.jpg,Emolga
data/Pokemon/Emolga/0.jpg,Emolga
data/Pokemon/Mareep/1.jpg,Mareep
data/Pokemon/Mareep/2.jpg,Mareep
data/Pokemon/Mareep/0.jpg,Mareep
data/Pokemon/Gumshoos/1.jpg,Gumshoos
data/Pokemon/Gumshoos/0.jpg,Gumshoos
data/Pokemon/Mothim/1.jpg,Mothim
data/Pokemon/Mothim/0.jpg,Mothim
data/Pokemon/Type Null/1.jpg,Type Null
data/Pokemon/Type Null/0.jpg,Type Null
data/Pokemon/Sunflora/1.jpg,Sunflora
data/Pokemon/Sunflora/2.jpg,Sunflora
data/Pokemon/Sunflora/0.jpg,Sunflora
data/Pokemon/Numel/1.jpg,Numel
data/Pokemon/Numel/0.jpg,Numel
data/Pokemon/Gigalith/1.jpg,Gigalith
data/Pokemon/Gigalith/0.jpg,Gigalith
data/Pokemon/Bronzor/1.jpg,Bronzor
data/Pokemon/Bronzor/0.jpg,Bronzor
data/Pokemon/Mew/1.jpg,Mew
data/Pokemon/Mew/2.jpg,Mew
data/Pokemon/Mew/0.jpg,Mew
data/Pokemon/Mew/3.jpg,Mew
data/Pokemon/Mew/4.jpg,Mew
data/Pokemon/Magikarp/1.jpg,Magikarp
data/Pokemon/Magikarp/2.jpg,Magikarp
data/Pokemon/Magikarp/0.jpg,Magikarp
data/Pokemon/Magikarp/3.jpg,Magikarp
data/Pokemon/Centiskorch/1.jpg,Centiskorch
data/Pokemon/Centiskorch/0.jpg,Centiskorch
data/Pokemon/Sirfetch'd/1.jpg,Sirfetch'd
data/Pokemon/Sirfetch'd/0.jpg,Sirfetch'd
data/Pokemon/Cresselia/1.jpg,Cresselia
data/Pokemon/Cresselia/0.jpg,Cresselia
data/Pokemon/Thievul/0.jpg,Thievul
data/Pokemon/Brionne/1.jpg,Brionne
data/Pokemon/Brionne/2.jpg,Brionne
data/Pokemon/Brionne/0.jpg,Brionne
data/Pokemon/Eelektross/1.jpg,Eelektross
data/Pokemon/Eelektross/0.jpg,Eelektross
data/Pokemon/Dratini/1.jpg,Dratini
data/Pokemon/Dratini/2.jpg,Dratini
data/Pokemon/Dratini/0.jpg,Dratini
data/Pokemon/Dratini/3.jpg,Dratini
data/Pokemon/Altaria/1.jpg,Altaria
data/Pokemon/Altaria/2.jpg,Altaria
data/Pokemon/Altaria/0.jpg,Altaria
data/Pokemon/Altaria/3.jpg,Altaria
data/Pokemon/Cobalion/1.jpg,Cobalion
data/Pokemon/Cobalion/0.jpg,Cobalion
data/Pokemon/Garbodor/1.jpg,Garbodor
data/Pokemon/Garbodor/2.jpg,Garbodor
data/Pokemon/Garbodor/0.jpg,Garbodor
data/Pokemon/Paras/1.jpg,Paras
data/Pokemon/Paras/2.jpg,Paras
data/Pokemon/Paras/0.jpg,Paras
data/Pokemon/Paras/3.jpg,Paras
data/Pokemon/Rattata/5.jpg,Rattata
data/Pokemon/Rattata/1.jpg,Rattata
data/Pokemon/Rattata/2.jpg,Rattata
data/Pokemon/Rattata/0.jpg,Rattata
data/Pokemon/Rattata/3.jpg,Rattata
data/Pokemon/Rattata/4.jpg,Rattata
data/Pokemon/Jumpluff/1.jpg,Jumpluff
data/Pokemon/Jumpluff/2.jpg,Jumpluff
data/Pokemon/Jumpluff/0.jpg,Jumpluff
data/Pokemon/Polteageist/0.jpg,Polteageist
data/Pokemon/Cramorant/1.jpg,Cramorant
data/Pokemon/Cramorant/0.jpg,Cramorant
data/Pokemon/Fraxure/1.jpg,Fraxure
data/Pokemon/Fraxure/0.jpg,Fraxure
data/Pokemon/Incineroar/1.jpg,Incineroar
data/Pokemon/Incineroar/2.jpg,Incineroar
data/Pokemon/Incineroar/0.jpg,Incineroar
data/Pokemon/Taillow/1.jpg,Taillow
data/Pokemon/Taillow/0.jpg,Taillow
data/Pokemon/Zoroark/1.jpg,Zoroark
data/Pokemon/Zoroark/0.jpg,Zoroark
data/Pokemon/Swanna/1.jpg,Swanna
data/Pokemon/Swanna/0.jpg,Swanna
data/Pokemon/Drowzee/1.jpg,Drowzee
data/Pokemon/Drowzee/2.jpg,Drowzee
data/Pokemon/Drowzee/0.jpg,Drowzee
data/Pokemon/Drowzee/3.jpg,Drowzee
data/Pokemon/Togekiss/1.jpg,Togekiss
data/Pokemon/Togekiss/0.jpg,Togekiss
data/Pokemon/Hitmontop/1.jpg,Hitmontop
data/Pokemon/Hitmontop/2.jpg,Hitmontop
data/Pokemon/Hitmontop/0.jpg,Hitmontop
data/Pokemon/Sewaddle/1.jpg,Sewaddle
data/Pokemon/Sewaddle/0.jpg,Sewaddle
data/Pokemon/Bibarel/1.jpg,Bibarel
data/Pokemon/Bibarel/0.jpg,Bibarel
data/Pokemon/Scorbunny/1.jpg,Scorbunny
data/Pokemon/Scorbunny/0.jpg,Scorbunny
data/Pokemon/Cinderace/1.jpg,Cinderace
data/Pokemon/Cinderace/2.jpg,Cinderace
data/Pokemon/Cinderace/0.jpg,Cinderace
data/Pokemon/Binacle/1.jpg,Binacle
data/Pokemon/Binacle/0.jpg,Binacle
data/Pokemon/Samurott/1.jpg,Samurott
data/Pokemon/Samurott/0.jpg,Samurott
data/Pokemon/Magearna/1.jpg,Magearna
data/Pokemon/Magearna/0.jpg,Magearna
data/Pokemon/Cryogonal/1.jpg,Cryogonal
data/Pokemon/Cryogonal/0.jpg,Cryogonal
data/Pokemon/Nidorina/1.jpg,Nidorina
data/Pokemon/Nidorina/2.jpg,Nidorina
data/Pokemon/Nidorina/0.jpg,Nidorina
data/Pokemon/Nidorina/3.jpg,Nidorina
data/Pokemon/Lickilicky/1.jpg,Lickilicky
data/Pokemon/Lickilicky/0.jpg,Lickilicky
data/Pokemon/Heatran/1.jpg,Heatran
data/Pokemon/Heatran/2.jpg,Heatran
data/Pokemon/Heatran/0.jpg,Heatran
data/Pokemon/Gorebyss/1.jpg,Gorebyss
data/Pokemon/Gorebyss/0.jpg,Gorebyss
data/Pokemon/Tympole/1.jpg,Tympole
data/Pokemon/Tympole/0.jpg,Tympole
data/Pokemon/Minccino/1.jpg,Minccino
data/Pokemon/Minccino/0.jpg,Minccino
data/Pokemon/Yamask/1.jpg,Yamask
data/Pokemon/Yamask/2.jpg,Yamask
data/Pokemon/Yamask/0.jpg,Yamask
data/Pokemon/Cinccino/1.jpg,Cinccino
data/Pokemon/Cinccino/0.jpg,Cinccino
data/Pokemon/Liepard/1.jpg,Liepard
data/Pokemon/Liepard/0.jpg,Liepard
data/Pokemon/Rayquaza/1.jpg,Rayquaza
data/Pokemon/Rayquaza/2.jpg,Rayquaza
data/Pokemon/Rayquaza/0.jpg,Rayquaza
data/Pokemon/Scatterbug/1.jpg,Scatterbug
data/Pokemon/Scatterbug/0.jpg,Scatterbug
data/Pokemon/Tornadus/1.jpg,Tornadus
data/Pokemon/Tornadus/2.jpg,Tornadus
data/Pokemon/Tornadus/0.jpg,Tornadus
data/Pokemon/Tornadus/3.jpg,Tornadus
data/Pokemon/Tornadus/4.jpg,Tornadus
data/Pokemon/Wormadam/5.jpg,Wormadam
data/Pokemon/Wormadam/1.jpg,Wormadam
data/Pokemon/Wormadam/2.jpg,Wormadam
data/Pokemon/Wormadam/0.jpg,Wormadam
data/Pokemon/Wormadam/3.jpg,Wormadam
data/Pokemon/Wormadam/4.jpg,Wormadam
data/Pokemon/Yungoos/1.jpg,Yungoos
data/Pokemon/Yungoos/0.jpg,Yungoos
data/Pokemon/Minun/1.jpg,Minun
data/Pokemon/Minun/0.jpg,Minun
data/Pokemon/Landorus/1.jpg,Landorus
data/Pokemon/Landorus/2.jpg,Landorus
data/Pokemon/Landorus/0.jpg,Landorus
data/Pokemon/Landorus/3.jpg,Landorus
data/Pokemon/Muk/5.jpg,Muk
data/Pokemon/Muk/1.jpg,Muk
data/Pokemon/Muk/2.jpg,Muk
data/Pokemon/Muk/0.jpg,Muk
data/Pokemon/Muk/3.jpg,Muk
data/Pokemon/Muk/4.jpg,Muk
data/Pokemon/Chespin/1.jpg,Chespin
data/Pokemon/Chespin/0.jpg,Chespin
data/Pokemon/Natu/1.jpg,Natu
data/Pokemon/Natu/2.jpg,Natu
data/Pokemon/Natu/0.jpg,Natu
data/Pokemon/Slugma/1.jpg,Slugma
data/Pokemon/Slugma/2.jpg,Slugma
data/Pokemon/Slugma/0.jpg,Slugma
data/Pokemon/Omastar/1.jpg,Omastar
data/Pokemon/Omastar/2.jpg,Omastar
data/Pokemon/Omastar/0.jpg,Omastar
data/Pokemon/Omastar/3.jpg,Omastar
data/Pokemon/Lotad/1.jpg,Lotad
data/Pokemon/Lotad/0.jpg,Lotad
data/Pokemon/Phione/1.jpg,Phione
data/Pokemon/Phione/0.jpg,Phione
data/Pokemon/Cranidos/1.jpg,Cranidos
data/Pokemon/Cranidos/0.jpg,Cranidos
data/Pokemon/Nidoqueen/1.jpg,Nidoqueen
data/Pokemon/Nidoqueen/2.jpg,Nidoqueen
data/Pokemon/Nidoqueen/0.jpg,Nidoqueen
data/Pokemon/Nidoqueen/3.jpg,Nidoqueen
data/Pokemon/Meowth/5.jpg,Meowth
data/Pokemon/Meowth/1.jpg,Meowth
data/Pokemon/Meowth/2.jpg,Meowth
data/Pokemon/Meowth/0.jpg,Meowth
data/Pokemon/Meowth/3.jpg,Meowth
data/Pokemon/Meowth/4.jpg,Meowth
data/Pokemon/Obstagoon/1.jpg,Obstagoon
data/Pokemon/Obstagoon/0.jpg,Obstagoon
data/Pokemon/Squirtle/1.jpg,Squirtle
data/Pokemon/Squirtle/2.jpg,Squirtle
data/Pokemon/Squirtle/0.jpg,Squirtle
data/Pokemon/Combusken/1.jpg,Combusken
data/Pokemon/Combusken/0.jpg,Combusken
data/Pokemon/Metapod/1.jpg,Metapod
data/Pokemon/Metapod/2.jpg,Metapod
data/Pokemon/Metapod/0.jpg,Metapod
data/Pokemon/Metapod/3.jpg,Metapod
data/Pokemon/Aromatisse/1.jpg,Aromatisse
data/Pokemon/Aromatisse/0.jpg,Aromatisse
data/Pokemon/Ponyta/5.jpg,Ponyta
data/Pokemon/Ponyta/1.jpg,Ponyta
data/Pokemon/Ponyta/2.jpg,Ponyta
data/Pokemon/Ponyta/0.jpg,Ponyta
data/Pokemon/Ponyta/3.jpg,Ponyta
data/Pokemon/Ponyta/4.jpg,Ponyta
data/Pokemon/Gossifleur/0.jpg,Gossifleur
data/Pokemon/Rillaboom/1.jpg,Rillaboom
data/Pokemon/Rillaboom/2.jpg,Rillaboom
data/Pokemon/Rillaboom/0.jpg,Rillaboom
data/Pokemon/Leavanny/1.jpg,Leavanny
data/Pokemon/Leavanny/0.jpg,Leavanny
data/Pokemon/Tapu Fini/1.jpg,Tapu Fini
data/Pokemon/Tapu Fini/0.jpg,Tapu Fini
data/Pokemon/Mightyena/1.jpg,Mightyena
data/Pokemon/Mightyena/0.jpg,Mightyena
data/Pokemon/Greedent/0.jpg,Greedent
data/Pokemon/Silicobra/0.jpg,Silicobra
data/Pokemon/Aipom/1.jpg,Aipom
data/Pokemon/Aipom/2.jpg,Aipom
data/Pokemon/Aipom/0.jpg,Aipom
data/Pokemon/Flabébé/5.jpg,Flabébé
data/Pokemon/Flabébé/1.jpg,Flabébé
data/Pokemon/Flabébé/2.jpg,Flabébé
data/Pokemon/Flabébé/0.jpg,Flabébé
data/Pokemon/Flabébé/3.jpg,Flabébé
data/Pokemon/Flabébé/4.jpg,Flabébé
data/Pokemon/Chatot/1.jpg,Chatot
data/Pokemon/Chatot/0.jpg,Chatot
data/Pokemon/Quagsire/1.jpg,Quagsire
data/Pokemon/Quagsire/2.jpg,Quagsire
data/Pokemon/Quagsire/0.jpg,Quagsire
data/Pokemon/Poipole/1.jpg,Poipole
data/Pokemon/Poipole/2.jpg,Poipole
data/Pokemon/Poipole/0.jpg,Poipole
data/Pokemon/Glastrier/0.jpg,Glastrier
data/Pokemon/Remoraid/1.jpg,Remoraid
data/Pokemon/Remoraid/2.jpg,Remoraid
data/Pokemon/Remoraid/0.jpg,Remoraid
data/Pokemon/Surskit/1.jpg,Surskit
data/Pokemon/Surskit/0.jpg,Surskit
data/Pokemon/Gulpin/1.jpg,Gulpin
data/Pokemon/Gulpin/0.jpg,Gulpin
data/Pokemon/Keldeo/1.jpg,Keldeo
data/Pokemon/Keldeo/2.jpg,Keldeo
data/Pokemon/Keldeo/0.jpg,Keldeo
data/Pokemon/Keldeo/3.jpg,Keldeo
data/Pokemon/Poochyena/1.jpg,Poochyena
data/Pokemon/Poochyena/0.jpg,Poochyena
data/Pokemon/Finneon/1.jpg,Finneon
data/Pokemon/Finneon/0.jpg,Finneon
data/Pokemon/Shelmet/1.jpg,Shelmet
data/Pokemon/Shelmet/0.jpg,Shelmet
data/Pokemon/Fearow/1.jpg,Fearow
data/Pokemon/Fearow/2.jpg,Fearow
data/Pokemon/Fearow/0.jpg,Fearow
data/Pokemon/Fearow/3.jpg,Fearow
data/Pokemon/Bonsly/1.jpg,Bonsly
data/Pokemon/Bonsly/0.jpg,Bonsly
data/Pokemon/Duosion/1.jpg,Duosion
data/Pokemon/Duosion/0.jpg,Duosion
data/Pokemon/Pignite/1.jpg,Pignite
data/Pokemon/Pignite/0.jpg,Pignite
data/Pokemon/Noivern/1.jpg,Noivern
data/Pokemon/Noivern/0.jpg,Noivern
data/Pokemon/Poliwhirl/1.jpg,Poliwhirl
data/Pokemon/Poliwhirl/2.jpg,Poliwhirl
data/Pokemon/Poliwhirl/0.jpg,Poliwhirl
data/Pokemon/Poliwhirl/3.jpg,Poliwhirl
data/Pokemon/Calyrex/1.jpg,Calyrex
data/Pokemon/Calyrex/2.jpg,Calyrex
data/Pokemon/Calyrex/0.jpg,Calyrex
data/Pokemon/Flaaffy/1.jpg,Flaaffy
data/Pokemon/Flaaffy/2.jpg,Flaaffy
data/Pokemon/Flaaffy/0.jpg,Flaaffy
data/Pokemon/Marshadow/1.jpg,Marshadow
data/Pokemon/Marshadow/2.jpg,Marshadow
data/Pokemon/Marshadow/0.jpg,Marshadow
data/Pokemon/Duskull/1.jpg,Duskull
data/Pokemon/Duskull/0.jpg,Duskull
data/Pokemon/Wailord/1.jpg,Wailord
data/Pokemon/Wailord/0.jpg,Wailord
data/Pokemon/Snubbull/1.jpg,Snubbull
data/Pokemon/Snubbull/2.jpg,Snubbull
data/Pokemon/Snubbull/0.jpg,Snubbull
data/Pokemon/Talonflame/1.jpg,Talonflame
data/Pokemon/Talonflame/0.jpg,Talonflame
data/Pokemon/Shuckle/1.jpg,Shuckle
data/Pokemon/Shuckle/2.jpg,Shuckle
data/Pokemon/Shuckle/0.jpg,Shuckle
data/Pokemon/Tentacruel/1.jpg,Tentacruel
data/Pokemon/Tentacruel/2.jpg,Tentacruel
data/Pokemon/Tentacruel/0.jpg,Tentacruel
data/Pokemon/Tentacruel/3.jpg,Tentacruel
data/Pokemon/Articuno/5.jpg,Articuno
data/Pokemon/Articuno/1.jpg,Articuno
data/Pokemon/Articuno/2.jpg,Articuno
data/Pokemon/Articuno/0.jpg,Articuno
data/Pokemon/Articuno/3.jpg,Articuno
data/Pokemon/Articuno/4.jpg,Articuno
data/Pokemon/Wynaut/1.jpg,Wynaut
data/Pokemon/Wynaut/0.jpg,Wynaut
data/Pokemon/Scraggy/1.jpg,Scraggy
data/Pokemon/Scraggy/0.jpg,Scraggy
data/Pokemon/Krabby/1.jpg,Krabby
data/Pokemon/Krabby/2.jpg,Krabby
data/Pokemon/Krabby/0.jpg,Krabby
data/Pokemon/Krabby/3.jpg,Krabby
data/Pokemon/Gloom/1.jpg,Gloom
data/Pokemon/Gloom/2.jpg,Gloom
data/Pokemon/Gloom/0.jpg,Gloom
data/Pokemon/Gloom/3.jpg,Gloom
data/Pokemon/Fletchinder/1.jpg,Fletchinder
data/Pokemon/Fletchinder/0.jpg,Fletchinder
data/Pokemon/Darmanitan/5.jpg,Darmanitan
data/Pokemon/Darmanitan/1.jpg,Darmanitan
data/Pokemon/Darmanitan/2.jpg,Darmanitan
data/Pokemon/Darmanitan/0.jpg,Darmanitan
data/Pokemon/Darmanitan/3.jpg,Darmanitan
data/Pokemon/Darmanitan/4.jpg,Darmanitan
data/Pokemon/Zweilous/1.jpg,Zweilous
data/Pokemon/Zweilous/0.jpg,Zweilous
data/Pokemon/Frillish/1.jpg,Frillish
data/Pokemon/Frillish/2.jpg,Frillish
data/Pokemon/Frillish/0.jpg,Frillish
data/Pokemon/Frillish/3.jpg,Frillish
data/Pokemon/Eiscue/1.jpg,Eiscue
data/Pokemon/Eiscue/0.jpg,Eiscue
data/Pokemon/Gligar/1.jpg,Gligar
data/Pokemon/Gligar/2.jpg,Gligar
data/Pokemon/Gligar/0.jpg,Gligar
data/Pokemon/Bergmite/1.jpg,Bergmite
data/Pokemon/Bergmite/0.jpg,Bergmite
data/Pokemon/Torracat/1.jpg,Torracat
data/Pokemon/Torracat/2.jpg,Torracat
data/Pokemon/Torracat/0.jpg,Torracat
data/Pokemon/Espurr/1.jpg,Espurr
data/Pokemon/Espurr/0.jpg,Espurr
data/Pokemon/Volcanion/1.jpg,Volcanion
data/Pokemon/Volcanion/0.jpg,Volcanion
data/Pokemon/Hakamo-o/1.jpg,Hakamo-o
data/Pokemon/Hakamo-o/0.jpg,Hakamo-o
data/Pokemon/Primarina/1.jpg,Primarina
data/Pokemon/Primarina/2.jpg,Primarina
data/Pokemon/Primarina/0.jpg,Primarina
data/Pokemon/Larvitar/1.jpg,Larvitar
data/Pokemon/Larvitar/2.jpg,Larvitar
data/Pokemon/Larvitar/0.jpg,Larvitar
data/Pokemon/Stakataka/1.jpg,Stakataka
data/Pokemon/Stakataka/0.jpg,Stakataka
data/Pokemon/Porygon2/1.jpg,Porygon2
data/Pokemon/Porygon2/2.jpg,Porygon2
data/Pokemon/Porygon2/0.jpg,Porygon2
data/Pokemon/Beedrill/5.jpg,Beedrill
data/Pokemon/Beedrill/1.jpg,Beedrill
data/Pokemon/Beedrill/2.jpg,Beedrill
data/Pokemon/Beedrill/0.jpg,Beedrill
data/Pokemon/Beedrill/3.jpg,Beedrill
data/Pokemon/Beedrill/4.jpg,Beedrill
data/Pokemon/Audino/1.jpg,Audino
data/Pokemon/Audino/2.jpg,Audino
data/Pokemon/Audino/0.jpg,Audino
data/Pokemon/Audino/3.jpg,Audino
data/Pokemon/Sliggoo/1.jpg,Sliggoo
data/Pokemon/Sliggoo/0.jpg,Sliggoo
data/Pokemon/Growlithe/1.jpg,Growlithe
data/Pokemon/Growlithe/2.jpg,Growlithe
data/Pokemon/Growlithe/0.jpg,Growlithe
data/Pokemon/Growlithe/3.jpg,Growlithe
data/Pokemon/Regieleki/0.jpg,Regieleki
data/Pokemon/Tangela/1.jpg,Tangela
data/Pokemon/Tangela/2.jpg,Tangela
data/Pokemon/Tangela/0.jpg,Tangela
data/Pokemon/Tangela/3.jpg,Tangela
data/Pokemon/Nincada/1.jpg,Nincada
data/Pokemon/Nincada/0.jpg,Nincada
data/Pokemon/Chandelure/1.jpg,Chandelure
data/Pokemon/Chandelure/0.jpg,Chandelure
data/Pokemon/Chimchar/1.jpg,Chimchar
data/Pokemon/Chimchar/2.jpg,Chimchar
data/Pokemon/Chimchar/0.jpg,Chimchar
data/Pokemon/Slowking/1.jpg,Slowking
data/Pokemon/Slowking/2.jpg,Slowking
data/Pokemon/Slowking/0.jpg,Slowking
data/Pokemon/Weavile/1.jpg,Weavile
data/Pokemon/Weavile/0.jpg,Weavile
data/Pokemon/Whimsicott/1.jpg,Whimsicott
data/Pokemon/Whimsicott/0.jpg,Whimsicott
data/Pokemon/Dragonair/1.jpg,Dragonair
data/Pokemon/Dragonair/2.jpg,Dragonair
data/Pokemon/Dragonair/0.jpg,Dragonair
data/Pokemon/Dragonair/3.jpg,Dragonair
data/Pokemon/Cascoon/1.jpg,Cascoon
data/Pokemon/Cascoon/0.jpg,Cascoon
data/Pokemon/Zacian/1.jpg,Zacian
data/Pokemon/Zacian/2.jpg,Zacian
data/Pokemon/Zacian/0.jpg,Zacian
data/Pokemon/Shuppet/1.jpg,Shuppet
data/Pokemon/Shuppet/0.jpg,Shuppet
data/Pokemon/Tapu Lele/1.jpg,Tapu Lele
data/Pokemon/Tapu Lele/0.jpg,Tapu Lele
data/Pokemon/Lopunny/1.jpg,Lopunny
data/Pokemon/Lopunny/2.jpg,Lopunny
data/Pokemon/Lopunny/0.jpg,Lopunny
data/Pokemon/Lopunny/3.jpg,Lopunny
data/Pokemon/Regice/1.jpg,Regice
data/Pokemon/Regice/0.jpg,Regice
data/Pokemon/Porygon-Z/1.jpg,Porygon-Z
data/Pokemon/Porygon-Z/0.jpg,Porygon-Z
data/Pokemon/Mienshao/1.jpg,Mienshao
data/Pokemon/Mienshao/0.jpg,Mienshao
data/Pokemon/Anorith/1.jpg,Anorith
data/Pokemon/Anorith/0.jpg,Anorith
data/Pokemon/Breloom/1.jpg,Breloom
data/Pokemon/Breloom/0.jpg,Breloom
data/Pokemon/Charmeleon/1.jpg,Charmeleon
data/Pokemon/Charmeleon/2.jpg,Charmeleon
data/Pokemon/Charmeleon/0.jpg,Charmeleon
